target_cls,target_reg
26.0,7.142284779392708
18.0,10.45821790356517
1.0,4.546554517268595
5.0,5.360803562085795
17.0,7.599415011596695
5.0,8.06561552268889
15.0,5.817575345895353
17.0,6.042422724120901
7.0,7.841824596196386
15.0,4.813769252413057
2.0,6.650528399888905
16.0,6.945298788105313
22.0,7.68495584926622
17.0,8.722151126566443
13.0,9.00645105807329
22.0,6.7845972107424535
2.0,7.336277056598435
11.0,9.169086860770106
2.0,8.184645622878323
4.0,7.964344821395142
2.0,6.621378560897203
16.0,7.665336875055592
3.0,12.586114645815975
15.0,6.446680074068728
23.0,9.33861382755869
26.0,6.14349828218534
14.0,3.506500691407466
17.0,7.958403744123416
7.0,7.257239606583477
6.0,10.177218143091835
2.0,10.766025143797881
10.0,5.160003694611354
18.0,4.320114487900536
9.0,4.8298898033813025
19.0,7.182399321006181
25.0,7.006065273601956
21.0,7.563363165133583
9.0,6.11481497649137
4.0,6.798608442711751
24.0,4.037265315241678
12.0,3.6099560815437735
13.0,7.628365042754651
5.0,8.391995914877153
21.0,5.454577271562423
23.0,8.13650016706273
6.0,6.23621021757001
8.0,7.753355854987195
24.0,6.078782085170653
1.0,6.276475290033382
23.0,8.643965334666438
17.0,13.716106407551003
13.0,5.386491285382719
20.0,8.370376237841919
7.0,7.980703157697734
18.0,6.792312584201319
5.0,7.111724923273542
24.0,9.743389754515924
15.0,8.483507072754398
4.0,8.719787340603611
10.0,7.027037151432827
15.0,6.425650207311417
21.0,7.2500170005852445
7.0,7.880029967466231
7.0,9.416356949379534
20.0,7.591787873341369
5.0,10.081323610413737
14.0,4.956258758095228
1.0,5.869491773865617
9.0,4.44909885037767
18.0,7.628959817147486
11.0,8.073204686224273
20.0,6.1732649328054645
18.0,7.618413696140448
21.0,8.191994615284937
1.0,5.05450446745995
12.0,2.5474190095115654
23.0,7.124452675948689
17.0,5.026519698343034
16.0,4.176461564510007
24.0,6.946292650096102
19.0,6.272252722728573
7.0,9.962356038389334
4.0,9.27352266636581
19.0,8.859519173402191
11.0,10.046909041009279
7.0,6.334401677729753
15.0,6.23067179629963
21.0,6.08295438304726
5.0,8.8426320453163
10.0,6.013058970602416
22.0,7.993305752152176
19.0,5.1185632176113485
12.0,0.3194365176346512
14.0,8.543946302427337
7.0,6.176201908887768
15.0,7.438500838734588
9.0,8.532501407370978
24.0,6.920016987172358
11.0,5.8898883604035355
21.0,6.544926524098694
11.0,9.768360247511263
4.0,8.822393893457388
21.0,8.547348824025478
4.0,8.099366718618349
25.0,8.046295511537508
20.0,10.187317576362737
5.0,8.410908584136923
16.0,4.507311620689368
2.0,8.100801021371542
1.0,5.47415164804893
16.0,7.346359773319057
24.0,7.519837027744737
7.0,5.514716579164661
26.0,10.23547628813274
26.0,8.63554554944764
25.0,8.573229429292887
19.0,6.2827231329948825
21.0,5.200460448967829
24.0,7.738297612913773
20.0,9.731474308876317
14.0,8.645998402422048
7.0,7.175540332147327
22.0,12.27511089286119
13.0,6.686946718666392
24.0,8.495860988512092
19.0,6.485084997860304
20.0,9.158463848675744
19.0,8.594377939942165
23.0,7.383364424824769
20.0,4.803398254944406
2.0,7.966217772969221
4.0,6.767392773533407
3.0,8.521433493612205
6.0,5.257545395037106
19.0,9.57932215741978
17.0,8.465459184527866
5.0,8.65381089398601
2.0,7.62047053071133
21.0,7.948308472373992
1.0,4.763283933366985
14.0,8.641823989788522
10.0,5.2831671695860525
20.0,7.119794106472003
11.0,5.167305308826737
26.0,9.338017162884546
16.0,8.929394126687242
7.0,6.606631769675963
4.0,6.6086228868043975
14.0,4.0211886503526255
25.0,7.323159835330875
12.0,3.173180603833516
3.0,6.633206322868831
10.0,3.1423077395834396
24.0,7.15588177995829
23.0,10.837018140729384
6.0,6.4051740161746515
6.0,7.128049175144292
9.0,6.47846508801222
1.0,7.321875009891531
12.0,7.418177447188857
20.0,9.022948177352387
19.0,8.896673975924699
19.0,8.104375077599078
7.0,8.456196056061438
21.0,7.54119033628926
5.0,5.281287484415209
24.0,9.62502245627017
3.0,8.205285404656236
1.0,6.345959941696861
23.0,12.105061208264345
7.0,9.446444196126196
14.0,6.550996976733332
3.0,8.963258184150327
1.0,5.59098729274574
24.0,5.545370787790121
22.0,8.458343351321327
26.0,9.29521646280089
20.0,7.531540011483901
3.0,6.24912477560149
25.0,8.263966082882533
7.0,9.824173941150388
19.0,7.123212460595073
26.0,9.143749439680104
25.0,5.5587072235892165
14.0,6.280686951777069
6.0,6.265533838432081
19.0,7.683710001231367
9.0,7.9496323304819505
14.0,9.701522467078256
17.0,7.953400436694991
7.0,7.826284465580157
24.0,4.7957163515706895
17.0,5.388398446306447
5.0,4.638225062300206
9.0,9.264517132648422
2.0,5.701848431722308
1.0,5.719240300076667
5.0,9.412045637699592
12.0,1.9216850021281235
9.0,5.708460815449026
19.0,8.049372894582097
15.0,7.35983062411866
1.0,2.2280160100155326
2.0,10.112170967478363
13.0,8.405548471077426
22.0,8.168866690031725
20.0,7.183463149628871
5.0,8.41236667697462
21.0,10.24644576481139
10.0,7.394442073460038
21.0,6.735669836087633
18.0,10.13850061757676
10.0,6.267148920542348
16.0,7.208520129346632
11.0,11.031619887969278
13.0,9.744005385291754
21.0,4.904202291186408
17.0,7.095713939096399
9.0,4.297592169009926
13.0,6.829321815582736
10.0,6.278175404904625
21.0,7.073516663255949
12.0,6.1449846423141405
22.0,11.10916633809998
10.0,4.129263842167803
12.0,2.952016717785299
20.0,5.011254768995585
11.0,8.45274175798383
23.0,8.063582437669293
9.0,3.7562829707013257
17.0,9.242132737784498
16.0,5.973204229805811
1.0,6.37392756183846
25.0,6.442375570458721
21.0,9.874801107891763
24.0,6.698474385718064
21.0,9.33295821706103
18.0,3.2058056810355886
3.0,7.32113017582825
10.0,4.458866483732949
21.0,5.1387060277583
17.0,7.699524825303157
21.0,5.172368352084959
3.0,10.534086022595384
23.0,8.59125697939108
10.0,7.00752580762009
3.0,5.418196313134327
9.0,5.016166421050556
5.0,8.842989722400018
21.0,5.639168042920435
7.0,8.908167794414698
21.0,6.773917680082384
1.0,4.726444001319523
14.0,7.19616059918597
12.0,4.932766770577642
24.0,10.437565556707234
22.0,7.497445431549217
21.0,8.74548169373826
20.0,7.7134418553999
6.0,6.311155584053913
8.0,6.241517113454265
22.0,7.177781953588441
12.0,7.645135051430222
16.0,5.8651897320789885
8.0,8.420433200671244
8.0,7.70990265478335
6.0,7.945396910525636
9.0,4.3455588908146305
9.0,2.6870409151891197
26.0,6.981012285424002
18.0,4.477935906838503
20.0,8.939335253554507
18.0,4.624380793757451
19.0,5.927089994421484
2.0,4.601398416940059
16.0,11.141343767432334
10.0,4.66325543780199
7.0,4.736178509221128
24.0,4.309609564807971
20.0,5.418136399991364
1.0,6.463366657594695
25.0,6.804710449524778
19.0,9.4096294056917
22.0,9.482257774418855
7.0,8.864718884404686
17.0,4.115335887089412
8.0,7.040806637630483
19.0,7.475577271281202
8.0,7.653083060106682
5.0,8.288129679166904
19.0,8.660812867315505
23.0,7.98053203691261
11.0,8.383174779870805
17.0,6.824009999710021
14.0,6.3838758639469875
2.0,8.008165060370105
17.0,7.46411474802337
16.0,3.8733434114357292
16.0,5.870164103244466
25.0,6.725410258126218
12.0,4.139995559634748
14.0,9.006032252784026
4.0,7.4330918627328035
25.0,7.7587216402901165
21.0,9.056560270646415
19.0,7.930538573367995
9.0,6.856923846807449
2.0,8.696217876856295
12.0,7.97349616069935
4.0,5.400699150428602
18.0,7.932582557267223
10.0,9.468594598115212
12.0,4.921646565837063
21.0,6.500205293406797
4.0,4.953294279661794
11.0,7.782140036946965
23.0,10.025963100942594
6.0,6.6006571550283795
23.0,11.950062717789795
2.0,9.473763692086113
15.0,5.596154241019134
20.0,6.294910350769216
16.0,8.459102361657244
5.0,3.920442278395083
8.0,5.214995537785111
2.0,5.386950004245159
16.0,4.626277330399443
6.0,6.294871754952762
19.0,6.984308173820077
14.0,5.626067006739074
25.0,7.852485678174951
3.0,5.951949102775317
24.0,5.725452653965377
11.0,6.098148304012211
18.0,5.799357293130257
13.0,13.104743765041576
21.0,6.997171604260296
8.0,3.0145167780260813
10.0,4.061978813650198
23.0,10.059970151452958
7.0,7.802136117567988
12.0,4.17504498040954
3.0,6.453425259407825
14.0,6.417363540562051
25.0,10.430124372594987
19.0,8.567830657160732
25.0,5.0987575856821525
10.0,5.724285876864013
9.0,5.106111244955379
19.0,9.50837673910005
15.0,9.24438185179894
1.0,4.592688655995734
26.0,7.194502875183774
4.0,7.088320985816041
21.0,7.7728908110272545
5.0,5.990031708618318
23.0,11.425038167077814
8.0,8.380666571742731
8.0,5.2127052481024325
7.0,7.795294059770299
17.0,7.91413265968714
25.0,6.4553268592192925
16.0,6.161094649625137
16.0,9.086349945875178
6.0,6.496945736678209
10.0,4.385761529703823
25.0,8.422468881661725
5.0,7.982653272539046
9.0,5.680490245128437
2.0,8.025750764410647
15.0,7.967564698946461
21.0,7.93124096831129
14.0,7.314460304906729
24.0,8.976669652666477
23.0,6.399117807735273
15.0,5.222561833027497
25.0,8.54427378184665
3.0,9.491351518393296
13.0,7.130408476222376
20.0,6.353625213372476
11.0,10.825609059890379
6.0,7.969602457308289
2.0,5.0800302613580754
12.0,2.022470389316134
7.0,8.248127944095717
21.0,7.248236249946074
25.0,9.484289578840327
19.0,7.517563211855673
1.0,3.6017472023455115
5.0,7.835591061461047
17.0,10.156615066974023
15.0,7.544114368812665
2.0,6.068179944288623
6.0,8.126328119261686
6.0,9.350121786723951
26.0,4.980754470617467
9.0,6.467308106731127
10.0,5.704058617689802
22.0,8.158827222749315
11.0,8.507681713699824
26.0,8.116510177708852
6.0,7.593824813563235
23.0,9.969880537504814
3.0,9.141204994791316
7.0,6.085320022030425
3.0,7.7199977443760215
9.0,4.42855077393271
4.0,6.3035121029399495
15.0,6.479649517742757
20.0,6.514210707760671
3.0,7.569211410646154
6.0,6.205459251521881
17.0,8.077968149731515
16.0,4.752880696020598
12.0,2.6566149092418945
26.0,7.5490729320257195
2.0,6.256122939918066
7.0,6.6788608464991395
20.0,8.987225485278332
13.0,5.901484642074992
26.0,6.79188437143083
2.0,7.377680165385741
13.0,8.297143636643511
22.0,8.300554792651223
6.0,6.504730739554948
18.0,10.702475266627815
13.0,6.153351603807169
2.0,8.600822918646019
23.0,5.051754876128047
18.0,8.736794113255119
9.0,2.6870409151891197
12.0,8.381107125502474
21.0,6.920896521443924
26.0,9.535589789826963
3.0,8.596871944559338
16.0,9.805806510373015
19.0,8.146253489894306
9.0,6.424825796608242
14.0,9.978195915541793
5.0,3.8936117854107706
23.0,7.820192724776305
12.0,8.15673469291072
18.0,6.814111670556741
7.0,7.872720064248403
5.0,6.0630323945237805
9.0,4.859889574286259
8.0,5.02258896917308
4.0,6.132501308065168
3.0,10.396998869926575
4.0,8.474657649073599
12.0,0.3471733671402495
5.0,5.46056998524631
12.0,4.080221739020804
15.0,6.180043581899335
14.0,6.079044177314314
7.0,5.777991369322892
2.0,10.400781280934702
7.0,6.018874283268094
10.0,3.4648673790609297
1.0,2.988716532698313
25.0,7.900914040320267
19.0,8.754534092787711
6.0,6.35247860838143
23.0,6.967445641120156
22.0,9.260294958449208
17.0,5.133418818183319
2.0,9.841084637097602
18.0,7.543811523993967
13.0,7.33689793871077
6.0,6.8178526311423155
10.0,5.529765840759661
18.0,7.19034784134036
4.0,4.368382198745476
13.0,7.171016691401807
2.0,6.548166559090002
7.0,6.5615952476866415
21.0,5.781303993911566
2.0,8.409658121988512
23.0,6.982772127792182
15.0,6.6810670960358305
8.0,8.90667650303462
5.0,6.506212750789444
23.0,8.294396341548069
18.0,5.572063108975796
7.0,6.9548828587511125
24.0,9.876647943150624
26.0,7.733193652070628
26.0,6.639028800518051
21.0,7.352315361875575
22.0,9.475107688390512
13.0,5.906145908510437
13.0,4.001326412811556
25.0,7.876714982167645
4.0,6.131965942229066
8.0,9.562827701844672
5.0,9.575006996536025
8.0,6.63743765506651
19.0,7.936192411755
9.0,4.723861558800593
8.0,6.805972246198427
22.0,8.895142715698045
4.0,4.9089346160041405
18.0,7.203989433399974
3.0,9.47236616980665
17.0,4.793565760690431
17.0,8.391990941197982
8.0,6.294172926724648
4.0,5.655357321955504
20.0,7.315733195160264
17.0,6.340847000647074
6.0,9.405158340902556
8.0,7.602134341670683
7.0,9.08314699522856
18.0,4.5461840981875365
13.0,7.509443483771435
22.0,12.487102541164733
21.0,5.98612851101263
4.0,10.246681851270715
21.0,8.2587412550778
23.0,7.936792959174693
1.0,6.529650361777362
15.0,8.196648100992473
17.0,8.677433317290124
26.0,7.078047959727716
25.0,7.043528798505103
1.0,5.795636478842558
2.0,6.40211031410865
10.0,5.324345873411671
20.0,5.490126645915685
2.0,7.1314885637279515
25.0,7.141766290383581
19.0,7.657790043703075
15.0,8.246883453457352
18.0,8.014353138570407
15.0,7.1561835165317405
7.0,8.606480236169084
21.0,8.54894858094922
6.0,4.573218602052581
6.0,7.486145698905375
7.0,5.958483026351883
22.0,9.04229053559246
2.0,8.688497876868365
25.0,8.350956209046739
18.0,5.965485451151021
11.0,7.551669050700396
11.0,5.347177139067393
21.0,7.994846620400325
16.0,8.673468107438977
21.0,10.691002735769342
17.0,4.442277621480996
7.0,7.7579598396487235
11.0,7.292864000911351
15.0,7.080952052249727
25.0,5.127375556037501
7.0,8.978683851367437
24.0,10.843578774297463
3.0,9.188757476239129
8.0,8.691142223614216
12.0,5.634294146562432
1.0,5.353662685208805
16.0,7.060583659365879
5.0,10.187697714548653
25.0,5.38717845275128
5.0,6.562130826837553
11.0,8.223688774082282
9.0,3.587557354355364
2.0,6.912568168482321
25.0,6.8803315927966535
4.0,6.8397234382077885
6.0,8.414070062799157
4.0,6.635246666677217
13.0,5.745687000412239
17.0,6.499284510277684
14.0,7.5912267890695695
13.0,9.891683321771103
2.0,4.9185644989998325
17.0,8.888758020997063
15.0,8.663017432183699
6.0,5.647081866109973
1.0,4.53512834443611
26.0,7.264645830945594
7.0,3.3205882069270793
14.0,6.721831154298464
15.0,6.752904157380713
2.0,6.793753414664763
4.0,6.882479758653673
13.0,11.482419403952601
26.0,5.508766443702302
4.0,5.832558422972934
2.0,8.519988986077776
9.0,4.467991592743941
2.0,5.1556239530510215
19.0,8.930714644778085
20.0,7.659073837440694
12.0,0.45299395301426326
7.0,6.055445364400262
22.0,9.057960885786132
7.0,6.314873773930729
14.0,6.079268744277221
24.0,6.1909309755999935
7.0,5.38670787025447
15.0,7.589089791321243
3.0,10.336205881214328
6.0,6.909189101624387
11.0,5.910647662553794
5.0,8.008114348015901
2.0,5.646393425720076
25.0,10.523296860034806
20.0,7.573103904471885
5.0,5.450850251311498
13.0,5.475561642555398
9.0,4.8445180839944255
18.0,9.582833258120772
25.0,8.297491429208135
14.0,7.621765767975683
24.0,7.842232401969609
10.0,5.004721491761068
15.0,7.564219934074469
12.0,4.417260710664305
26.0,8.690681292136368
20.0,8.678406521389519
22.0,8.289760907537328
4.0,5.74303265973552
3.0,8.867510388908029
14.0,6.156007299442342
19.0,7.73867939216653
3.0,8.99522959039153
22.0,8.57991884282974
2.0,4.230815937143339
18.0,7.368435994154064
4.0,9.396429252452046
20.0,9.245066110091072
9.0,5.099181378081211
23.0,11.288448214738569
3.0,5.485975698418907
6.0,3.5023019536177733
23.0,9.079571196708352
21.0,10.497286317898123
14.0,9.451114871588171
20.0,6.743460810960047
9.0,4.775610361827118
21.0,5.544622735883913
20.0,8.30231767900379
23.0,7.7775740918361675
10.0,5.3592497377078
1.0,7.179113738458312
6.0,7.979147676508509
17.0,9.65663153415538
7.0,6.543215823334834
26.0,4.351560007059524
20.0,8.939214305995705
6.0,7.584073145491988
26.0,6.898538329970614
1.0,4.763748751083357
3.0,7.747943044419694
24.0,7.920496215925945
1.0,1.9481614151633329
25.0,8.694768176412767
25.0,6.960311278845019
22.0,7.779879202632331
17.0,9.579242753989258
8.0,7.1574375845401095
3.0,5.160263562326772
7.0,4.69172954919108
4.0,9.729114998914467
10.0,7.118660678600775
1.0,4.623886153138196
23.0,6.844443804697012
13.0,7.146041994823809
11.0,8.227154543714233
16.0,8.428242738944608
21.0,6.371003778656839
25.0,10.7829978655365
2.0,8.832470196573894
5.0,8.117570575960174
25.0,8.12855173289772
20.0,6.762668874404472
15.0,8.798546666456236
12.0,1.6470254475373967
6.0,8.403068868859322
10.0,7.179889145373003
13.0,6.738917221604189
12.0,0.5005803194197753
8.0,7.999355502617654
7.0,8.592606333520939
9.0,2.6870409151891197
12.0,2.2689607855017284
2.0,4.985992264463588
16.0,6.361125004437019
16.0,7.9278697520666945
11.0,7.067716435448715
20.0,5.176697488615821
11.0,4.206252011575424
11.0,6.427440085643454
24.0,7.72947943761782
3.0,5.626198253550842
20.0,9.514490751320837
25.0,5.391343057727461
24.0,7.9624195365736
5.0,8.532958793670726
13.0,7.063001185066053
18.0,7.8625866200891
12.0,5.594381400989982
18.0,5.567797517472641
14.0,7.684848139347014
2.0,4.536483459264028
1.0,5.367127222023287
18.0,11.219972402170066
1.0,4.044997830243662
17.0,10.280183952693223
16.0,7.994093294310104
19.0,8.757578031283813
12.0,8.218349701586554
18.0,4.940604411088323
22.0,7.007284254216696
20.0,6.822140295405657
25.0,8.706461881102596
24.0,11.138751129824286
22.0,8.506651574947817
11.0,8.094093663296466
16.0,5.918146217571812
2.0,9.578800659524203
17.0,7.1757067731150475
15.0,8.741526489137764
22.0,8.010176611632504
19.0,9.766132406805333
4.0,5.411075566002214
17.0,9.10774226293584
12.0,1.7460400452394262
25.0,5.9252886249290455
9.0,5.011964624579836
15.0,5.420428236899471
1.0,7.694660460921892
10.0,4.5413419360539145
25.0,5.848381202151234
4.0,8.914490465463954
2.0,9.301018273325425
8.0,9.967755272858597
22.0,8.769438393892138
2.0,8.656786770531918
1.0,4.990943913510902
16.0,6.24246256895967
17.0,7.3183603943505044
18.0,6.226897920693906
11.0,8.27232756336332
11.0,8.560326735888353
23.0,6.558642525326897
24.0,8.482574209201774
22.0,9.438489403504123
22.0,7.494625992882465
20.0,6.352143218236581
26.0,5.897916318385988
26.0,7.9992183792312055
22.0,7.64615851339392
11.0,7.930658100279519
5.0,5.065114989893786
8.0,8.121584414425719
26.0,7.715400564584822
25.0,6.662654001432902
11.0,6.900728503132981
3.0,6.116905369455386
23.0,11.324674236454552
19.0,7.715207776909029
1.0,6.899574173794107
13.0,10.144908496314477
22.0,8.98936483855489
5.0,11.193262353405329
20.0,9.650810366319336
4.0,8.539933033045326
16.0,7.629260755692031
25.0,7.582957818536911
25.0,8.201597332930708
19.0,8.862242722508993
10.0,4.890406203458529
10.0,5.5966521987444775
1.0,7.51326794537896
6.0,7.976373832721476
17.0,8.329431248310565
9.0,6.766309198423833
21.0,9.900862893995267
15.0,7.2135777540696004
12.0,6.573740114938566
10.0,6.1778262491828375
19.0,6.782736860613716
2.0,6.547040671333171
2.0,6.390704031720139
7.0,9.18629346966727
2.0,7.194838470693782
2.0,8.87358849536192
20.0,8.46918091964473
1.0,6.085955375914868
19.0,7.628387472448651
23.0,11.189577610883482
24.0,6.881002764913742
21.0,8.73571232705267
14.0,12.261924408167818
13.0,6.9603859147384455
13.0,7.453725608354936
20.0,7.479775846591016
7.0,8.923191937531236
21.0,6.2529951484863044
2.0,6.0970520421503345
14.0,8.553906191095395
25.0,7.834571020886624
1.0,3.7307508451911615
10.0,3.968025090345003
25.0,9.166146477637323
16.0,8.49862015956347
5.0,6.268483372838942
11.0,7.62363911498901
10.0,6.980285874913191
8.0,5.583820722909603
18.0,7.416610266345155
21.0,6.406723154053123
1.0,3.252250949344056
19.0,7.842427917960339
16.0,7.332474501094034
19.0,5.566657289017709
9.0,4.716211223899867
23.0,9.575486605525068
3.0,7.720084478415529
15.0,8.25560962453192
25.0,9.049849618380536
17.0,6.4959849564799566
6.0,9.158927724225066
22.0,9.64956036735405
6.0,8.004964703680907
2.0,10.678502854328894
22.0,8.373823565312911
10.0,5.22884481844261
8.0,7.812912862756111
20.0,5.60340364981177
14.0,9.967455557479163
7.0,6.5981228056543655
4.0,5.4243823495408865
23.0,5.898672250782702
3.0,6.055177833231874
2.0,8.210274734389698
24.0,6.488935969792717
23.0,9.92765811209121
10.0,6.063094968727619
25.0,9.4538918181555
22.0,7.929599519000195
6.0,6.980810195239038
14.0,6.702083846732817
3.0,6.973431265558714
10.0,5.293100152114233
24.0,6.140887396030243
2.0,8.093470895752446
24.0,6.855620704334259
3.0,11.372517105281453
20.0,6.81016857740708
20.0,6.934230169910428
16.0,7.56360222186458
25.0,9.950118778220462
12.0,3.9580823708060455
4.0,7.5146877064089415
7.0,10.159063751252496
20.0,8.794000599619286
22.0,7.514538383065472
10.0,5.332904222629542
6.0,8.398550136541377
22.0,8.3024529629418
17.0,7.312276686990453
22.0,9.29767058081104
17.0,11.094385383231035
24.0,8.574348101047768
22.0,8.282120381086488
21.0,8.17275548301876
16.0,6.891992890875846
25.0,9.40488436760559
12.0,1.4543357938895918
3.0,7.054668941751816
17.0,5.563234657557095
17.0,9.045756840417694
1.0,8.392389420703797
1.0,7.896717804330088
7.0,4.770830865325404
12.0,8.591484901194583
16.0,7.775860154868404
7.0,6.068100984295338
21.0,6.188535080325808
5.0,5.9106481500544605
13.0,6.605813320229031
12.0,3.6347218718555507
24.0,8.513780874333596
13.0,6.288882247576086
10.0,5.514326838251438
4.0,10.474860181026003
7.0,6.472227233276656
25.0,10.424985159458714
2.0,5.44746420543427
19.0,9.251684109258251
3.0,7.722910941828083
15.0,5.619258587607794
24.0,9.026483113561342
23.0,6.919794924246068
22.0,8.567602936630843
23.0,9.142653170150371
15.0,4.547312071976467
17.0,7.538498660281906
6.0,5.110807535255122
3.0,8.544738017794653
13.0,9.518119625713023
11.0,7.667056136904861
5.0,7.8623285218339785
16.0,6.287096570003841
15.0,7.460275089931774
16.0,5.553670124917261
14.0,3.5056131470697474
18.0,8.37433414721361
23.0,8.62455830264511
26.0,7.881000333523399
22.0,10.148041464515131
4.0,6.983287622991449
13.0,7.645000536256707
24.0,6.846947017856755
12.0,1.8019145145785158
24.0,6.236871794474062
9.0,4.105919139463343
20.0,8.63487308898732
3.0,6.225380686195875
13.0,6.318459256618959
19.0,9.552707508205
18.0,4.488601623634131
6.0,4.338749025737027
17.0,7.124438032241982
1.0,3.059501685527918
19.0,11.586576837837814
22.0,6.561687612870794
16.0,10.628164676740024
26.0,4.08202461341226
10.0,5.552515557651267
19.0,9.084302313930895
11.0,10.353646058726818
21.0,8.935321548894574
5.0,9.203415143999731
6.0,9.978160356799721
19.0,9.43774814896063
19.0,8.02253446625114
18.0,4.509623813363525
4.0,6.015879966944534
21.0,7.986436347345789
14.0,7.2146319728534145
4.0,7.040639073504728
10.0,5.2830422803742865
16.0,5.623057455682964
10.0,7.656174923966527
26.0,8.661627794360285
26.0,8.957447954367986
6.0,6.3236405498290456
9.0,4.457048255090811
10.0,5.121456057712404
20.0,8.298867387237827
2.0,11.327827496456845
21.0,8.339599773249647
24.0,9.413899931924135
2.0,8.000759691707913
20.0,4.422222269430055
16.0,5.284232370641816
17.0,8.272438934302555
4.0,5.265837577075436
7.0,4.3602798715567666
19.0,6.783153034236425
19.0,12.191305164314898
13.0,7.345289218727463
16.0,7.305677141800114
7.0,7.732397774590368
24.0,8.186877112665025
7.0,8.07796257450844
18.0,7.781995542453705
21.0,8.088217836118602
23.0,7.882837979394623
12.0,1.8808623774770101
5.0,7.662893880542782
4.0,6.7563560618768586
11.0,9.070064259562438
4.0,8.291796055301042
2.0,6.159599881602969
9.0,6.830216628391861
22.0,8.743908658955574
2.0,7.161967988227209
5.0,8.773867614518197
17.0,4.240607747955039
13.0,6.020963748519771
19.0,5.096941212077935
20.0,8.047135292826555
5.0,9.631517072733336
19.0,6.011843284235071
24.0,4.336306205502309
4.0,5.835040121262222
3.0,9.219410158231206
6.0,5.718560855761786
6.0,7.051332563629695
19.0,7.3781158090874985
7.0,5.140499707687676
9.0,4.830430013272148
8.0,7.985272503726998
23.0,9.388310426713126
13.0,9.336745664197176
20.0,6.901394027442523
18.0,7.009543992198328
2.0,7.787802267312721
11.0,4.412751214446377
1.0,4.311873363682235
25.0,10.157761788362057
14.0,9.075966593657943
5.0,8.352674510431445
25.0,5.57429807302211
26.0,6.603451353536459
22.0,7.380946243695185
17.0,9.969325749368485
3.0,9.831605869342289
16.0,6.613612992003552
17.0,10.188972233324906
21.0,7.516759427365859
4.0,5.107194266843937
23.0,9.345878097284771
21.0,7.708678057855023
16.0,8.012406527464782
24.0,8.404445567141252
3.0,9.794409439168199
15.0,7.9593734638379265
1.0,5.669935574001087
6.0,8.609945678289293
2.0,11.233850109091803
12.0,2.589686994831781
1.0,6.709464717564877
25.0,5.289489833040911
5.0,6.973695964602134
23.0,11.09361033477013
13.0,5.0917515807096745
25.0,10.203380845885512
11.0,8.598113202438034
2.0,7.184516925058375
8.0,9.348723304569166
11.0,5.293930008174876
4.0,5.478900937358841
26.0,7.710407469595795
2.0,4.539719356574462
1.0,10.631531559847215
1.0,5.308966248657019
17.0,8.361460497328368
7.0,9.921921081053641
14.0,8.83878025133597
6.0,6.548048018850655
9.0,7.344242168149883
21.0,7.711276664137641
24.0,6.658231283163043
21.0,8.817826749455625
10.0,7.632539698943733
12.0,4.517990345314438
24.0,7.373434976335443
20.0,7.5494376812385315
19.0,7.4672488966020385
2.0,7.253712686351581
13.0,9.138490798172217
6.0,9.28679171624788
17.0,7.719188281679925
15.0,7.183552535213993
6.0,5.875494597848337
22.0,7.684068420761448
9.0,2.6870409151891197
17.0,7.678791781482177
8.0,7.0633893874964055
24.0,8.206050520705617
18.0,6.726375156017004
13.0,7.173909887449563
14.0,7.473947836654041
18.0,9.082010066872694
5.0,10.061183178928129
7.0,5.487606281763532
15.0,5.31611991354522
21.0,6.716992401899524
13.0,7.857766424101
21.0,7.827823264519415
8.0,9.921933892111767
14.0,10.11146980869638
5.0,9.960506370280049
23.0,9.40611771695248
6.0,6.993166667351332
13.0,9.77554523561428
18.0,5.3966297841486135
22.0,6.655716092791481
21.0,6.501138347070343
9.0,3.81534460314168
4.0,6.7099740873717755
1.0,3.0671150689616677
13.0,10.065839651700722
5.0,8.82594469553488
20.0,6.328589883270226
13.0,5.6770025083324045
1.0,4.0234757663531475
10.0,5.032579729531719
19.0,7.8111183452004065
18.0,4.07994884267298
12.0,9.787006695480724
12.0,3.0009312673928026
19.0,7.865496669440724
6.0,8.278394782247796
16.0,5.144987123777133
25.0,7.310746424631666
3.0,8.046099810794429
21.0,8.128137970565243
3.0,6.566898862170153
3.0,9.06008254907736
25.0,8.446816166426693
9.0,3.8519431382905505
21.0,7.534393252133193
11.0,6.784267988424723
17.0,7.824988093936691
2.0,7.1228396811093395
12.0,1.4240628306200485
4.0,5.422675671011628
9.0,7.782159042690513
12.0,9.645742123315557
17.0,5.300638245335582
18.0,6.46760645516774
13.0,7.8922431714151875
2.0,9.719039735470481
13.0,11.440794572982888
4.0,8.6870916425673
5.0,5.831999450682247
16.0,4.085464302941054
1.0,6.727171315393122
24.0,8.39515630916788
25.0,8.875234512308152
7.0,9.70975241672178
19.0,6.946778356504105
14.0,7.508376263579028
22.0,5.359869510188274
15.0,6.587894377999346
19.0,8.922217300416925
23.0,9.44479201578171
6.0,8.459374247430297
7.0,9.16101184391557
19.0,7.466516749756386
12.0,5.788785466399367
18.0,6.6317285054677715
1.0,2.026777893855897
4.0,7.999928490452853
22.0,8.205470544357944
26.0,5.354454828944121
23.0,7.5040975454829715
18.0,6.618797452854042
24.0,9.417993277756713
12.0,4.549419805836534
1.0,5.869667278883552
22.0,11.836450354546198
16.0,4.044421806540591
11.0,6.30111338907281
25.0,8.987609108675889
13.0,4.8947128619214375
18.0,8.180095618241259
25.0,5.959739281630961
15.0,4.107151162137532
25.0,7.78321598011436
22.0,9.679747369824995
22.0,6.557521748062484
9.0,5.099181378081211
21.0,8.983669686386321
4.0,6.881839175961555
6.0,9.512937054368
24.0,7.350335407554671
24.0,7.91702145584763
13.0,5.852945835715835
22.0,8.448280415881602
17.0,4.9210337121340935
18.0,7.133994408452602
4.0,7.209336105901523
5.0,7.8285038355857335
23.0,10.277695104239058
22.0,8.420264467845909
8.0,8.930456229756894
10.0,6.32774501109481
21.0,6.926727943588114
24.0,6.16842021681267
12.0,3.9444297563648356
22.0,9.311217872364402
8.0,5.320425958448109
23.0,6.586277888750736
19.0,7.450301683133748
25.0,11.23843505991233
21.0,10.493478458213437
14.0,7.6036806680188365
5.0,8.63438796201178
6.0,4.4905828903835445
13.0,8.399926385339462
25.0,5.006568462111912
2.0,5.484678548353289
19.0,6.7202726971978946
1.0,6.513344794952851
14.0,8.760431851229782
26.0,8.585711504277246
17.0,9.235074361346967
4.0,7.5502728261296115
24.0,6.08827565917186
11.0,10.594139991253023
14.0,5.20095483760481
17.0,8.55548183858266
5.0,6.568795458307873
7.0,8.580394172871966
14.0,9.609783861478586
5.0,6.685057440248955
14.0,9.08456850364578
12.0,1.9963409712304978
24.0,5.235670481018772
1.0,5.593606017486604
18.0,7.073977617712495
18.0,10.32078886576143
15.0,7.978278701628881
26.0,7.004062276808266
15.0,4.111191062577223
18.0,7.1799797252237525
22.0,5.932291605060621
13.0,7.589418238229441
6.0,5.705831570972938
7.0,8.771878189254235
15.0,8.070382637413761
24.0,8.674163876670491
2.0,8.631075790567984
19.0,7.959230607495905
15.0,7.9975950792799395
24.0,6.773087925406968
1.0,7.044148313584035
2.0,7.494886240632495
11.0,8.606402175259081
19.0,9.250149899751104
25.0,6.182838520759958
20.0,6.428083217972318
3.0,9.216607018575582
26.0,9.308311597600499
7.0,8.144700689976021
25.0,8.086184709238115
3.0,10.16788503963151
20.0,9.399091997901559
18.0,9.24183509226182
17.0,9.300634418911507
23.0,9.471919542863194
15.0,9.56866921308902
17.0,5.535964471552049
7.0,7.07765913173772
14.0,6.239185057472072
6.0,6.191174274787562
11.0,11.000920250994696
25.0,10.433105664991517
2.0,3.903543139665675
13.0,11.47733831506637
17.0,8.02545063901577
17.0,8.468633676221161
18.0,9.914097992577503
4.0,7.746550327765811
18.0,6.314495835132778
18.0,8.76657557322784
23.0,10.672250273673626
14.0,6.079268744277221
11.0,5.919256421624763
16.0,8.215989075488565
4.0,6.047333122161271
20.0,6.796387994854254
16.0,5.49136892808113
11.0,9.045026327712849
8.0,8.819617829874975
19.0,8.95917540299266
10.0,9.022685017342702
4.0,6.635953655282646
21.0,7.180538055549216
26.0,5.5424461308059545
26.0,7.470793815911663
22.0,7.740070618537714
20.0,10.198647749661582
21.0,9.567123886759948
4.0,7.596392577550031
21.0,5.544622735883913
1.0,5.315397067209234
25.0,7.0028926619474
7.0,9.197372162451131
24.0,8.650418325773568
13.0,7.042928774501553
21.0,10.421540579171769
7.0,11.141972149419404
14.0,6.472040385303055
16.0,7.178186301737879
9.0,4.5631366581720085
20.0,5.602572240889932
16.0,4.876917387254897
18.0,7.05448862737186
18.0,6.14442002336882
12.0,2.1982415200316376
8.0,6.7660864433422
1.0,6.354303447304369
25.0,8.851231000269703
20.0,9.866972435451975
22.0,9.363780958553313
21.0,7.804150215214271
13.0,9.057895526266696
24.0,7.138357736828727
23.0,10.628250532693961
19.0,6.954734909270111
20.0,6.4335285682586605
17.0,7.856113667878809
13.0,9.809208585699457
13.0,10.020162083428037
21.0,6.627077182071648
21.0,7.260242701589834
23.0,8.32559156990271
3.0,7.74369892509405
16.0,4.069862315124661
23.0,6.295079023967026
20.0,7.298311914465039
1.0,6.041095280489674
22.0,7.9168085598357045
7.0,3.9374269823326435
22.0,7.006926707495747
10.0,7.664960922116534
14.0,7.563242716496245
26.0,7.269437868557859
13.0,7.427007842555567
7.0,7.104441645983772
19.0,6.478350391636717
15.0,4.521066744542246
8.0,9.098563611128515
15.0,5.90741090266067
20.0,5.239614931797299
17.0,7.7925200021226155
15.0,8.769028732328358
6.0,5.13063276176793
7.0,4.672358492025889
5.0,8.049234092331032
4.0,4.131894633838658
1.0,5.416568033651319
18.0,7.663094715053617
8.0,7.576065336101458
1.0,5.306433728199757
20.0,9.155905741560712
8.0,3.5120170279509377
19.0,7.221409766956317
25.0,8.904716100786622
3.0,5.735238816897712
19.0,8.595027634661685
8.0,9.33444480000437
26.0,8.612382221531838
18.0,8.031069218164175
19.0,5.60636489813519
26.0,6.920175937745667
15.0,8.25811298940669
3.0,8.137807053095868
14.0,8.036307958793554
24.0,7.50861233127469
16.0,7.2045172705784575
25.0,7.082146307234984
24.0,5.232378928801953
23.0,4.178448460803449
20.0,8.672864326754297
7.0,5.514646216089317
17.0,7.963147501841559
17.0,7.331383603906349
9.0,5.056895559329869
25.0,9.14951456148975
8.0,11.028938268196535
22.0,6.0747485892510324
24.0,10.27595318532076
8.0,9.59650849512014
16.0,8.289648929264738
24.0,3.7904224424485293
15.0,5.549754478359769
6.0,8.969558351355465
20.0,8.974605910042637
17.0,5.227186582607768
5.0,7.258919273687545
20.0,8.709026356441074
17.0,7.088639690317479
7.0,5.460349277914253
22.0,8.120720733282896
26.0,7.534001273051142
8.0,10.00193077082876
10.0,6.307554552626546
4.0,7.3646777333141396
3.0,8.305224115842552
17.0,6.876366685532353
18.0,4.71032393402232
11.0,6.771781898115632
4.0,5.908406526543823
12.0,4.343524342200989
9.0,5.731804436312585
2.0,7.55310740474785
22.0,9.166836129669557
3.0,6.535233291868705
16.0,5.575829751246205
6.0,8.868091298931013
21.0,8.707482694046123
11.0,7.463447057345846
20.0,9.510862105487952
26.0,4.841522720024781
16.0,8.024475089764785
19.0,9.361397660892349
18.0,7.019668170298951
9.0,4.951979915173016
16.0,7.960221355077317
12.0,4.310894059961399
6.0,6.547590137693523
1.0,5.714235009109467
16.0,8.862159709657577
10.0,8.164789964216629
9.0,2.6870409151891197
8.0,6.957527828235094
19.0,8.755086592880492
22.0,7.462309861355898
2.0,7.85116027682569
7.0,8.730689625582446
13.0,13.44244759037644
19.0,10.23445726638623
4.0,8.549129504852713
16.0,6.205293224124622
13.0,9.648408412162766
13.0,9.796023998830751
22.0,7.928508032217657
25.0,10.24335707737411
26.0,4.794809069974953
2.0,4.711334628974926
1.0,10.244377254143721
1.0,4.725523735039388
5.0,5.5595919813475625
20.0,6.186156861854878
6.0,8.76831941231503
15.0,7.69258108368674
12.0,5.014427305450557
9.0,4.787066586501616
25.0,6.913689293330856
12.0,9.218035461876028
25.0,11.214650536832572
19.0,8.044444143062595
4.0,5.411075566002214
10.0,4.051140864715139
12.0,5.4679550678243745
21.0,7.839970132091096
11.0,7.3015946729180925
2.0,11.967588072665425
4.0,7.028579311414327
26.0,9.394325570512818
18.0,9.506273760497635
25.0,6.9437388888156635
8.0,7.8326663348650865
10.0,7.023641698820953
2.0,7.969287548766393
6.0,6.785554675093344
6.0,6.298543198741776
20.0,5.856785278768957
20.0,8.319318337552577
26.0,6.294627561473896
18.0,8.258131414396699
9.0,3.67822174011627
22.0,6.2441278953077815
4.0,4.174019942714675
13.0,7.304482954618256
19.0,10.243369342500744
21.0,10.208053712346425
2.0,6.446705152620023
25.0,5.5587072235892165
19.0,8.7270704484135
20.0,7.427621511316219
25.0,9.197493600295576
20.0,7.447521858777119
23.0,9.114396105428419
9.0,4.8445180839944255
20.0,8.674016912239136
2.0,8.2411269186858
26.0,4.7299955570486
25.0,8.184987348772
11.0,8.706161488296686
6.0,5.559635871392086
10.0,6.251087780114823
4.0,8.055960623600148
19.0,5.097568542175816
21.0,6.86203767275233
20.0,6.203474653458848
14.0,6.495553652480076
3.0,7.822795070057468
26.0,8.81983828915344
11.0,9.29058236272671
12.0,3.9305968316011324
26.0,6.002997274761957
8.0,8.080594376315835
1.0,7.027474408772334
22.0,5.548488927348033
3.0,9.879073130926999
21.0,7.227941721639347
3.0,10.285867166043602
12.0,2.457712684121738
5.0,4.67728347012998
14.0,6.1647715026982
20.0,10.621108054633009
16.0,5.427423335738306
21.0,8.858703014064867
1.0,8.258614566092334
17.0,9.515119346312702
14.0,5.913683188390211
9.0,3.8767990330770608
8.0,8.221023818271858
4.0,7.102043914015122
19.0,8.236612020019368
21.0,7.269769737660758
8.0,10.06577879050985
4.0,6.18421978919826
10.0,4.497423723688079
14.0,7.210352367572163
3.0,6.448410252454214
10.0,9.86020104568961
24.0,9.148945626601725
23.0,11.283066858101929
5.0,7.010144672430565
7.0,7.2709476000386335
23.0,8.3038270964628
15.0,8.270728696125971
1.0,4.4801389382601755
1.0,7.400547731459031
5.0,7.223645817298118
6.0,4.65550757335686
5.0,7.6531316939348315
7.0,8.013207643113459
12.0,1.4543357938895918
16.0,6.468346603178022
6.0,10.70091084853303
11.0,8.30693792220017
20.0,7.692344562615127
12.0,6.2396359695032375
3.0,9.007410868757118
17.0,8.022942956436973
16.0,7.676733892356157
9.0,7.622761148814963
3.0,10.525623473938124
18.0,7.6735052357394995
25.0,7.280388423392051
20.0,4.921282772865682
12.0,4.3965345150559205
12.0,8.613500015739248
13.0,7.487517215394204
5.0,8.546665898523587
23.0,8.794417349786755
19.0,6.811437408675443
5.0,6.242950990107884
18.0,6.745559553800713
11.0,8.270422720704754
24.0,9.351284141266614
10.0,6.565775009649883
14.0,10.07887934403696
10.0,7.19839908785892
18.0,4.453903746726023
8.0,5.827622240717565
7.0,7.016123403532862
16.0,8.29416959100259
20.0,7.733356973028556
17.0,8.90911238595545
26.0,10.287945072390713
20.0,6.562882812009612
5.0,10.189947706634243
6.0,8.363342736083933
13.0,9.213964585382229
17.0,8.888531877216987
19.0,8.619811884932435
21.0,6.886318224037668
15.0,8.29544622166463
5.0,6.973695964602134
20.0,7.8459762618537905
21.0,5.6261658514905974
3.0,6.12819107803218
7.0,7.4996721861573645
16.0,5.604342420716533
1.0,5.697503298670773
24.0,6.119070793473346
1.0,2.925374350152831
18.0,8.445762108868513
14.0,7.404683256643913
12.0,2.256083648022374
4.0,5.0594221803673065
9.0,5.026570737546782
18.0,5.564993640059192
18.0,6.848540333244975
6.0,8.704077223447282
17.0,7.872087597715924
6.0,8.697051022971316
10.0,6.12550752890804
2.0,9.025452816025155
17.0,7.800668790859015
13.0,7.213562527338136
4.0,3.6898840201504113
24.0,6.174497408168732
24.0,7.88420522443052
17.0,4.892672914031058
10.0,3.6182109498589745
22.0,8.806431905060945
7.0,6.291742634991508
2.0,7.644865383342758
18.0,6.515208255214127
22.0,6.597349917076405
23.0,5.694264669255597
4.0,6.0558592522439465
26.0,7.111455270979469
17.0,9.098215419908676
2.0,8.175134524900391
23.0,5.575630030214907
22.0,7.948358376255678
25.0,6.106859922876069
5.0,7.2514520589824105
12.0,6.67301927352081
15.0,7.086488198785222
16.0,5.6409370731224495
6.0,5.579698444257134
3.0,10.536819002817216
13.0,5.220323859384248
4.0,4.920550743637357
1.0,5.4055090893340765
25.0,7.483847665687016
24.0,6.146756918067878
21.0,4.926904204084494
1.0,7.978722826444082
8.0,7.582266014835715
4.0,8.376741792472039
2.0,8.40279939225132
18.0,6.696276088706586
1.0,4.664970063373989
10.0,9.507813309268446
14.0,8.04361676918267
13.0,10.455264399393146
19.0,8.484436152092199
23.0,8.785441208078975
26.0,11.203205346803179
11.0,7.916880821238027
20.0,7.046551663319642
17.0,6.294639184157316
18.0,5.420193754098924
18.0,4.357529724937835
6.0,9.013428037747794
9.0,4.333543943866814
19.0,7.284723422601698
24.0,6.354172517460857
23.0,9.471778970433252
11.0,6.22488993714885
9.0,8.452983517497128
12.0,3.331251812174837
13.0,12.027626627202885
17.0,6.750033991924627
2.0,9.293977412431117
10.0,4.1357250914714925
19.0,6.4449500820364305
18.0,6.957516571291389
5.0,5.3169375200915345
25.0,9.529977975189286
25.0,10.779899556889575
25.0,9.839050574103107
2.0,6.465641471326766
1.0,1.8072646580071616
25.0,11.138749960442944
19.0,6.973633029392794
7.0,6.024633175113902
8.0,8.828893573584722
1.0,3.8406951272801044
24.0,6.87105545938529
25.0,12.250443385625026
5.0,3.8479379509672698
22.0,7.965297312566502
2.0,5.8695888792443105
4.0,7.006516215170464
18.0,8.506234164386296
8.0,8.034835475776468
10.0,5.840838629113583
19.0,7.687180231735108
16.0,9.148167466565516
17.0,7.010978386574773
26.0,7.727485451945363
2.0,6.149700887429294
20.0,8.787536262911738
25.0,7.101228319582452
24.0,6.932281043550508
1.0,10.577918068875443
2.0,8.872185501972991
13.0,9.331293264538008
1.0,4.12369791847979
2.0,9.589003486339903
6.0,5.310145519831532
2.0,7.0320555758201575
23.0,9.95850771741404
7.0,7.815852785479311
3.0,9.898911109426715
8.0,6.24582036180814
6.0,5.1792846909210155
13.0,9.326025059211982
25.0,9.831227015878993
18.0,7.112096105722788
16.0,6.926312078273831
10.0,5.134907230796642
22.0,9.987040500597079
15.0,7.9023277969363335
8.0,9.077618925932978
10.0,6.391249288576092
20.0,7.140761319962642
17.0,5.494244419029859
19.0,7.506878719602176
8.0,9.01806562961591
1.0,5.267555119240582
24.0,5.834682793435736
9.0,5.145152774041525
9.0,8.572852556143589
15.0,7.859794162597227
4.0,7.031812224117684
3.0,6.99904933431605
5.0,10.962322010328446
9.0,5.245524671560826
15.0,6.696979371393589
1.0,4.697518758761131
25.0,5.685413454879441
8.0,5.074578190457316
15.0,9.204713205307867
25.0,13.466827042785358
9.0,5.407260508528969
14.0,4.892973620373171
25.0,8.527492582909279
11.0,8.134989824556229
6.0,5.060007226099916
24.0,5.705284694483193
24.0,6.176407193559603
2.0,5.890842239316108
5.0,5.351143228199499
4.0,3.9072140361706365
21.0,8.183996582876029
13.0,9.185674309524245
10.0,4.823685794798534
8.0,8.028909111619567
4.0,6.732660050319347
4.0,9.32982897818543
9.0,6.055588015220708
26.0,8.805058363138308
18.0,4.011896821802154
20.0,6.369917885213565
18.0,7.108011398409068
11.0,8.974993492447297
5.0,7.116855349540489
12.0,4.5895486015099
12.0,8.389880106997694
20.0,10.029145921725812
14.0,5.282100375471707
4.0,9.850187837642277
18.0,3.6832043722979435
7.0,5.851517279839036
7.0,6.2018721576578155
19.0,8.521191099067048
18.0,5.042672268745369
11.0,11.273699015679908
3.0,8.084814149520897
16.0,7.111086971417564
2.0,7.1995000978247
4.0,7.810216797819361
25.0,6.623131527325414
11.0,7.227074880672152
5.0,8.236162452379356
5.0,9.804706876954207
4.0,4.057968007022518
22.0,10.521276001388875
7.0,6.512469130961101
8.0,7.691758790533953
22.0,9.57542710533197
24.0,7.298301458303594
20.0,4.921282772865682
21.0,8.15792421271242
11.0,7.142216218364433
10.0,4.11134608527138
11.0,8.31532285936294
14.0,6.28027803381133
8.0,6.723044255499321
9.0,6.811736482013186
24.0,5.329884011870924
23.0,10.488875879684258
16.0,9.193990570076451
13.0,13.486047481549212
5.0,8.75128442123347
21.0,6.645499434864142
7.0,8.585886875271363
6.0,8.86405738770488
7.0,5.68505816435138
16.0,11.784675629890039
3.0,8.21148735985728
14.0,6.848243520382616
2.0,9.253835443148128
20.0,6.543551514593133
8.0,6.25442720484415
10.0,5.230388531535805
19.0,7.462251203455374
13.0,3.5554914337010355
3.0,6.756184758621042
10.0,5.0769635991895665
19.0,6.9005217168352875
9.0,6.093347286381287
13.0,8.878724689522409
13.0,6.957567174834709
5.0,6.618709562699212
22.0,7.6000542083472435
2.0,9.389756814526383
18.0,4.52367541974505
3.0,8.495460038597463
15.0,9.64087234256225
7.0,7.223019528830327
24.0,9.33862267432089
20.0,8.574002768756097
13.0,9.187891162838394
16.0,5.761700577609544
23.0,10.79678595325059
22.0,8.921208096092155
3.0,8.762770650573993
17.0,8.664939098752622
3.0,7.746876032116083
12.0,4.407021105262439
13.0,10.238081253794029
13.0,7.640146962942427
19.0,8.055683305092943
20.0,8.0973689968006
22.0,10.021649431975987
6.0,6.312919460080048
12.0,5.290415185282311
18.0,8.652658295618536
24.0,5.36971168638944
9.0,4.624177103261058
19.0,5.40937367099005
17.0,7.4099811422632325
12.0,3.9137792145319072
12.0,5.878763816025533
20.0,7.107606203695283
19.0,7.813530489218462
17.0,7.443064473488447
5.0,8.218503615999712
16.0,6.852149413792772
20.0,6.692573357923308
11.0,10.002271095510759
10.0,7.3976507617046465
5.0,6.412252184565875
6.0,5.908536752281174
2.0,9.855363120330734
11.0,5.226913941257874
11.0,4.202793451417761
2.0,9.13842669646645
24.0,7.152212277202421
21.0,5.822750209557919
16.0,4.3213536192941815
17.0,8.321976814794983
26.0,4.08202461341226
24.0,5.319454462830827
19.0,9.529072140660956
7.0,4.78133868262712
9.0,4.400077303100834
11.0,8.70271473335297
11.0,6.418807618091164
21.0,6.532852575437975
6.0,3.6308379268559134
26.0,7.3375718057758865
26.0,4.72728091548079
23.0,9.022016663598746
7.0,5.619626225565508
20.0,8.70966985660248
6.0,7.5110923427589675
10.0,6.609768070079157
19.0,7.959261060227946
10.0,6.889345627805112
3.0,8.007934363241796
3.0,7.752716942051056
26.0,5.9329800564736175
14.0,8.106343622578938
16.0,7.056490468628565
11.0,6.664502447137894
13.0,5.715629676544292
18.0,7.409390140662075
19.0,5.368812601667226
12.0,3.824044977233588
10.0,9.352960938184987
8.0,8.974113006463421
19.0,8.484436152092199
12.0,5.72017747534891
22.0,9.456134571881833
9.0,5.407260508528969
9.0,7.143827973838062
6.0,6.35693676703743
13.0,10.267996482068972
11.0,6.267962930762083
4.0,8.846274139056103
14.0,6.682970821540016
14.0,10.666611854262571
18.0,8.01926540570865
24.0,8.522452329993927
21.0,5.704668478015523
12.0,1.8831806497946122
14.0,6.959738836267541
21.0,5.909954205278288
15.0,6.811212564768482
16.0,8.590407882197793
4.0,7.095188660172682
26.0,5.522444635366955
4.0,3.524094068823606
20.0,8.113100187697654
10.0,5.661809791160963
3.0,8.857025643397387
12.0,0.3432416496518558
4.0,6.5255929633660195
19.0,5.1306715240633665
14.0,4.263322381766032
16.0,8.26235251792831
6.0,6.048579519916025
3.0,5.323604980812371
18.0,10.113953542769353
14.0,9.03278789355975
1.0,6.090815458268087
26.0,6.9936184178111365
12.0,7.67214164565262
2.0,8.977067621988681
26.0,5.23924424383797
7.0,8.04913916845605
21.0,9.025100740813484
9.0,7.87972542776491
3.0,8.025601670291442
19.0,7.929873787694597
22.0,7.521106193211619
19.0,8.430021386858073
21.0,7.387899833935857
23.0,3.883600257395877
5.0,10.12982513502724
24.0,7.304220405440068
20.0,5.527836190612656
22.0,5.3672672944712865
18.0,6.47592598194221
5.0,7.125806129269678
13.0,7.978848639089386
22.0,5.3993756800311274
14.0,8.12894380469858
11.0,9.492593792107213
7.0,6.55664864341431
24.0,9.009294860844173
5.0,6.37644190878893
21.0,9.081688460163871
17.0,11.070577780630835
6.0,4.745633118685013
21.0,7.363625529128924
6.0,6.231930610400939
12.0,3.8696518909285533
18.0,7.920543248675302
17.0,7.581412848711638
18.0,6.403218217713118
26.0,7.387735654125241
3.0,9.051400089366576
9.0,5.748052788188399
8.0,5.348168435488886
17.0,6.092103976223866
24.0,5.554919736246513
26.0,9.738653556132526
21.0,9.773259692851896
16.0,10.04244663666065
16.0,4.061017233708135
23.0,8.14107551385424
7.0,8.435815634639576
20.0,9.78134322181657
25.0,4.8475556920695055
18.0,10.092063613759095
3.0,6.493216033617346
24.0,6.687402076637828
24.0,7.32470340873433
22.0,7.462309861355898
6.0,4.764741004157695
11.0,8.296069242297609
23.0,8.294360781895037
13.0,3.4020367372884315
10.0,4.644073491450338
11.0,9.068838553119548
26.0,5.972318170097658
13.0,6.941102315504016
19.0,7.691309515014495
20.0,9.574344013139722
14.0,11.376348730738595
4.0,8.292977582205324
1.0,9.678291570679423
8.0,8.91509945632709
24.0,6.313186811377371
19.0,6.814916129192414
14.0,7.994894000724993
1.0,2.232247750108524
9.0,5.62130740841146
10.0,7.783881285697487
12.0,3.155695152899658
26.0,7.860009160821957
25.0,7.168097719432213
1.0,5.888299288376464
12.0,4.112846064329154
8.0,5.127391364351951
1.0,4.360114613697519
23.0,10.704770517023976
13.0,6.642823573282138
19.0,10.372442450008545
23.0,8.82412327126169
9.0,4.3583579498086
24.0,6.69316265693595
12.0,1.887293766821255
25.0,5.744281606342598
11.0,7.578653090958113
1.0,3.9870323943898582
1.0,5.823260276276409
7.0,6.026536371741422
8.0,7.9234807736129556
14.0,7.257084788346496
24.0,6.845863641617056
24.0,7.802343999133108
21.0,8.599219926173914
25.0,13.111502553012029
25.0,7.9323109020856934
16.0,4.370761329241587
20.0,8.590881024584327
8.0,9.291453559842683
25.0,8.978790948729781
22.0,9.792309383718461
6.0,6.169104203905234
22.0,7.446756193568323
4.0,4.861731773128723
13.0,9.986640100876976
23.0,10.649606527459426
22.0,8.147777965162819
15.0,7.4441565600806605
7.0,8.999228313466702
22.0,9.434456100000828
22.0,5.394410440970102
24.0,10.258224479103083
15.0,6.719817994513532
22.0,5.548488927348033
14.0,8.275010612431624
18.0,7.028324434172766
10.0,5.871069884605576
4.0,4.3473935810736215
22.0,8.397516805425004
14.0,6.665458951914333
11.0,8.206848607171427
10.0,3.192092680840731
19.0,6.584065396421585
10.0,6.692984739297868
26.0,9.710520895198586
8.0,9.689464662546916
25.0,10.011930175751104
1.0,4.1740978453841215
6.0,6.182859686359797
4.0,5.906525234601368
9.0,4.8298898033813025
19.0,8.295698514080538
12.0,4.803760293629177
10.0,3.5837531658467876
4.0,5.489447712664555
11.0,6.529794722667823
15.0,6.382808624524279
7.0,10.25477220113623
13.0,5.269416524686992
6.0,7.930734093133783
19.0,6.840233633670766
14.0,6.257796320461571
20.0,6.415051451846515
12.0,1.7229546933255877
20.0,8.074855207252066
18.0,4.408315378238436
15.0,6.906347372993379
25.0,7.402645322828971
4.0,10.579218570341636
15.0,8.032556846461352
3.0,8.814139177547936
18.0,8.244287168647537
3.0,9.786329783780559
26.0,11.677752876383053
23.0,8.628356645017067
24.0,7.22811165530272
14.0,7.980640121188718
17.0,6.499033445536743
10.0,4.574192874511456
10.0,8.161612175060132
19.0,8.260529837953301
15.0,9.167233454995444
6.0,8.614458896625326
3.0,8.051938531526783
6.0,7.920224099883512
24.0,6.589047511794976
20.0,9.942525966558776
3.0,9.5022764628219
16.0,7.608979070395495
25.0,9.368487887251417
11.0,7.594591895620718
2.0,9.225953445185839
23.0,9.120320672551632
15.0,5.339114116178042
20.0,7.982508992401905
11.0,7.212170435206535
23.0,8.02821288113498
12.0,7.2287680551540054
8.0,7.439978001453477
21.0,6.563908380085274
8.0,10.162450955784033
11.0,5.617737193309074
2.0,6.774773708688918
25.0,8.115199366441434
23.0,10.624051985744131
16.0,7.889211876706834
9.0,7.629591281589114
10.0,3.0081135119515316
15.0,5.889444490039814
18.0,7.383754407321834
9.0,6.132498991949445
14.0,7.914818582472185
21.0,9.493280944143713
12.0,0.21446721512967848
18.0,6.8443986280800155
2.0,6.668490560716864
16.0,6.965157733138503
24.0,6.494064385663239
23.0,10.077317838015999
16.0,7.7790339159224295
16.0,8.18407582248153
8.0,9.93727372192168
5.0,5.221024447961087
11.0,7.970330617646318
25.0,7.349854061158619
20.0,8.165716714609127
19.0,8.958268320891086
26.0,7.329712277435156
26.0,5.409241626170413
23.0,10.935323297838487
14.0,9.56431453431663
1.0,5.3253514470882735
22.0,6.556344862293761
18.0,4.947731080402463
18.0,8.76906823031919
7.0,6.063265186878536
18.0,9.160061633427866
13.0,7.6142480879702905
19.0,6.091272866724127
14.0,9.37757549115203
21.0,8.2765714474245
20.0,4.584923635871966
11.0,4.680773458076324
13.0,9.103880315227975
8.0,5.5754151214829655
19.0,7.753506691794504
24.0,7.762465435622571
26.0,8.421486081553317
20.0,8.328927713164376
21.0,6.023592724851115
14.0,3.7543165018351816
22.0,7.010326868170605
14.0,9.785368516553689
18.0,6.806797118320262
15.0,7.564901208104169
6.0,9.862681546595583
18.0,9.018121793163958
13.0,7.67379744082485
14.0,6.257796320461571
5.0,7.120512828055457
13.0,6.881665650937189
24.0,5.580167390786174
6.0,6.2727538440354005
15.0,8.103847110582109
22.0,9.19210982161764
15.0,7.461303849989247
22.0,9.77395164608164
19.0,11.483662079071426
24.0,10.02703536507601
12.0,5.171900991851167
4.0,7.790687569573824
9.0,4.44909885037767
19.0,8.46662378349469
21.0,10.605299478380303
25.0,10.051864066593586
4.0,10.390634870336985
2.0,8.84082165785649
5.0,7.609743010492718
13.0,5.417590134904767
25.0,8.714253017694148
23.0,12.855384372569477
19.0,8.23125004321198
23.0,8.556791501101506
1.0,5.9315704047442
14.0,10.276432835232239
23.0,11.766722911634456
13.0,7.93364376191697
2.0,8.7804942818257
16.0,4.176461564510007
23.0,4.5771562441842955
12.0,2.769524290140943
3.0,6.168723996630303
9.0,4.112610666139036
8.0,5.548356234722637
10.0,6.180229061082078
24.0,11.166459542019851
6.0,7.04297292517747
7.0,8.637798634478312
3.0,11.181317612726946
21.0,7.914227819700014
18.0,6.831181031237879
2.0,11.157137392613887
3.0,7.717042501090021
24.0,5.1331543949005365
21.0,7.989394516804899
24.0,5.782755621057031
2.0,8.93180267227071
23.0,7.314203069865847
5.0,6.438432045821205
15.0,8.166736712609563
4.0,7.43607381876827
1.0,5.70838343241397
26.0,4.056468994571965
16.0,5.283376005859123
21.0,8.398961230683442
14.0,4.69878462748192
10.0,8.64914507086169
10.0,7.19576491693079
9.0,5.5209737399685
6.0,4.835560442057955
1.0,4.272739978035579
4.0,6.815665618813742
16.0,4.768094957752353
5.0,8.233022872627814
24.0,5.613591713893212
2.0,7.829218920752044
10.0,6.770545910261858
10.0,9.238905563907267
14.0,7.675037109000134
8.0,4.991600251444119
21.0,10.685585638791398
22.0,8.806431905060945
10.0,5.371716462931424
15.0,7.88460688171361
23.0,8.752272541438076
19.0,8.116553571554611
2.0,8.472240913293497
23.0,9.248079732970137
18.0,7.84780223206687
21.0,7.869672595639253
8.0,5.742884764392872
6.0,9.148529678213615
26.0,6.032874772192566
19.0,8.749535151841647
1.0,7.462202979988219
24.0,5.7347678383061815
6.0,9.310273785359145
16.0,9.626009013963122
24.0,7.461256501144467
8.0,7.23152380025296
13.0,7.062709463244092
9.0,4.44909885037767
7.0,7.136579295164499
11.0,7.043341163758948
13.0,6.745990886777171
21.0,9.90722025982809
26.0,7.557964920409815
7.0,5.5268160490108
1.0,7.979318777342789
21.0,10.037662337132554
21.0,7.606109480270258
14.0,11.00609472302208
13.0,6.63111802008544
14.0,9.115668356960754
7.0,7.402955381574762
5.0,8.13517750401398
21.0,7.213075726776955
4.0,6.261254577821924
21.0,6.395398585768829
19.0,5.595102077374665
11.0,9.315544978210252
15.0,8.204387710641154
24.0,4.5972017778692145
14.0,6.49123974596341
12.0,7.930349845699082
4.0,6.4549364527394415
10.0,6.371399590393471
5.0,7.38184371627255
20.0,8.94691953108841
23.0,7.486058656227457
9.0,5.158154908637623
20.0,5.444804228125905
14.0,7.886467135758487
19.0,6.655830776552646
25.0,7.083287271565111
6.0,4.816279856543715
3.0,5.969954793279124
9.0,4.0134969438008
8.0,8.049584650674602
7.0,6.334139178218499
11.0,6.03366572951101
17.0,10.487990579128063
14.0,6.62553385525079
7.0,4.944427499272624
17.0,5.178321033958735
24.0,6.37679654660662
11.0,5.4445518828950314
22.0,10.270578581818828
16.0,6.687307451759167
15.0,5.993622408190232
8.0,5.801231930496182
22.0,7.342789357738088
16.0,6.7920084500526885
1.0,5.677252197151451
9.0,5.099181378081211
18.0,6.69887265486959
26.0,5.811468809670261
24.0,7.2707485811154235
6.0,8.70060100737796
17.0,7.07806209270956
11.0,8.131459140673854
16.0,10.852219139005674
22.0,8.11318229251048
5.0,8.560421931833373
24.0,7.260414847278696
22.0,9.14716126763844
22.0,10.291265213542193
12.0,4.766192415090684
2.0,4.131744689187563
4.0,6.722836900971144
17.0,7.603835527391903
23.0,8.157497075590003
8.0,5.836658738802354
13.0,8.015934390155028
25.0,9.399259803220076
21.0,6.4041769831082895
14.0,7.098281969906579
18.0,5.030774943658148
25.0,8.005466918600876
2.0,7.979834230336925
15.0,6.350201468163255
18.0,8.05882746166287
19.0,5.696347225935426
14.0,7.29831111358846
21.0,6.57348589411542
7.0,7.094499796106373
20.0,7.459500609889474
4.0,7.241792794609644
2.0,8.096066122282616
1.0,4.470181038394218
23.0,10.82459313507141
21.0,7.551535295093454
10.0,7.262668884303259
24.0,4.950350478450776
14.0,8.592289111396106
16.0,7.058317258650487
25.0,8.328432146960191
1.0,5.690986131238763
17.0,9.990896690357674
8.0,9.808600892288206
6.0,6.221914038885364
17.0,5.435217755769336
17.0,6.000108775627888
21.0,9.727834459910701
24.0,5.894928508939978
9.0,7.066099298385261
9.0,4.297592169009926
9.0,4.581109822567569
18.0,7.3621392450669045
15.0,8.511780514212425
11.0,6.563343427477666
5.0,8.550274852074482
19.0,6.149581616237159
11.0,10.538376180165141
3.0,9.492799623224599
21.0,8.274931758269735
15.0,6.532541353208113
4.0,7.802905319780088
26.0,5.255040794387192
21.0,7.63539411105497
4.0,10.316768992790106
25.0,8.548211951480068
24.0,7.257410707879106
13.0,9.433905390046743
13.0,6.691455457974752
25.0,7.68364285755634
15.0,6.940593571702919
24.0,6.110172332589184
7.0,7.609953920639244
5.0,9.369833288691183
23.0,8.127784916360184
7.0,8.32720081732705
25.0,6.927526923427162
7.0,5.601604793749037
26.0,7.397631974620272
13.0,5.001781056310664
18.0,5.207579490719959
13.0,10.368140301718565
20.0,8.967126702876138
7.0,7.928396735740147
2.0,8.86210166957806
17.0,6.9201275835679965
21.0,5.636873161091288
18.0,4.6273186212822335
15.0,7.8722067290896796
21.0,6.18107019872107
13.0,6.8385589855646485
21.0,9.655644769511836
5.0,6.574984332473613
24.0,11.083116349421642
26.0,5.62270479909197
4.0,7.392879555581065
5.0,6.467637877527427
17.0,9.148676150620128
26.0,7.7302144554457195
5.0,8.750421674254822
23.0,8.533608290971568
26.0,6.981012285424002
4.0,6.762037000264171
11.0,7.199827022799209
14.0,5.719075414588859
11.0,9.401791635144672
19.0,5.831655362682593
21.0,8.545570025106128
22.0,10.684386674357537
26.0,9.671091018359363
18.0,7.942891559798902
1.0,3.4838154744472924
22.0,10.313667736757488
24.0,8.941071044468629
24.0,9.156125116922663
17.0,4.357336381266317
5.0,6.889162475253145
16.0,3.619464362422757
16.0,7.042960173761769
8.0,5.453434730332754
9.0,6.616444340130033
4.0,6.0110940687007695
1.0,8.232574779909209
24.0,6.846947017856755
11.0,7.971981586383793
18.0,7.307900657174901
21.0,9.563792972726038
3.0,5.860168067162741
21.0,9.509744129774553
22.0,7.8422029385673495
15.0,6.638500314937935
14.0,9.094928579826336
7.0,7.393191984489054
7.0,6.009145872031734
22.0,7.170296694264335
16.0,8.071115193789309
1.0,8.014690184050524
25.0,6.936918331687919
5.0,10.316693821296768
17.0,8.265256810001505
10.0,3.0769602969990224
25.0,8.703053169344626
11.0,7.198900446366952
13.0,4.316864138872092
14.0,5.683485590621542
16.0,6.658665628224902
1.0,6.680257917564263
20.0,8.479398847993133
10.0,8.422960861267477
11.0,7.0409456387727065
20.0,9.504698163879674
7.0,7.312375938510227
18.0,7.444754006360418
25.0,8.624126609628757
6.0,8.890517337002445
26.0,6.90118560052724
10.0,5.579704962498312
15.0,7.520732901114125
8.0,8.550060360245743
3.0,6.910107308462133
17.0,7.90901122145334
12.0,6.808644303219219
14.0,8.363017838674669
17.0,7.834539266950798
1.0,7.1924969135740024
20.0,8.092577298515161
1.0,3.9504983834988048
21.0,8.150695663969215
19.0,4.553363164454714
24.0,8.797103313820527
18.0,9.826595887915794
9.0,2.9774393818742366
17.0,7.311526221619735
3.0,6.814889828042364
21.0,4.4986147452459555
15.0,7.311564438699663
2.0,3.64056185415775
7.0,7.797258433228881
5.0,7.149080193924918
21.0,9.277607882317902
2.0,10.826734873443133
8.0,6.755727949439627
2.0,9.821083695833547
24.0,9.162389720234508
13.0,10.21710747573421
13.0,5.4943261973903486
5.0,9.063637940585798
25.0,10.22986785066599
15.0,4.285857808242808
21.0,7.344240789886108
13.0,8.915641185271133
13.0,7.234757159098427
2.0,8.311992340918627
18.0,5.308723273133081
9.0,4.327873698089292
8.0,5.208808988625679
3.0,5.152646158123339
5.0,8.536510029307971
8.0,10.890408951740305
15.0,6.611109742998134
1.0,6.655348075803055
10.0,5.819172500855548
1.0,4.057076805843565
4.0,7.766293110481952
18.0,7.2305244560577595
18.0,5.898261501125418
26.0,6.168725397456994
23.0,9.594069543961169
19.0,7.733413046183771
15.0,7.717687661183811
18.0,4.612339360205458
20.0,8.271708855630736
21.0,7.477644398890737
7.0,5.896963297150217
1.0,7.826809214656905
22.0,8.05777710800836
18.0,4.726181372436994
18.0,5.961100868422077
23.0,7.326950552673202
13.0,9.977131044052726
25.0,5.927987127102812
3.0,9.526290044016505
25.0,7.241939664920979
26.0,6.769027190287133
18.0,5.981656853486495
10.0,5.5936311986958644
19.0,9.021070205736953
21.0,7.91856615729493
25.0,9.015572141862883
16.0,6.721860853285772
7.0,9.322968099857802
20.0,8.251702670141864
15.0,3.635104717506104
26.0,6.832113504225828
1.0,5.437195267872583
8.0,5.6335134787384575
3.0,4.465715394152607
10.0,3.8944305118362625
23.0,8.151712760121042
1.0,7.129195009567538
4.0,8.000738944860382
7.0,6.0770959593761065
12.0,1.6058056509979606
19.0,11.502160852593933
2.0,4.947680502320942
20.0,8.12396617733166
15.0,8.328729480151537
15.0,8.012885869994113
10.0,8.197326993140415
4.0,4.984839711560824
25.0,10.00009599712558
25.0,8.012486585215717
24.0,6.835553236917341
12.0,2.1215272332723956
14.0,8.886201326803901
7.0,6.242846765722391
26.0,6.002128391631973
18.0,8.207914086045358
3.0,9.538245004770742
4.0,3.846330066887923
6.0,7.034106381619897
10.0,7.982392541112488
12.0,2.647691428462694
4.0,5.232011806953926
2.0,6.111796012367759
16.0,6.79831330568846
4.0,4.547485218190955
12.0,6.675410213241419
3.0,7.082727305730286
1.0,4.8566551275585885
17.0,9.826799854083726
11.0,6.38028936848445
15.0,8.125948736657964
25.0,5.546355633039425
7.0,5.811648063128617
12.0,4.0190010713843165
2.0,6.213149660481966
14.0,9.270880093460036
4.0,8.326620673075674
8.0,7.565991793256142
14.0,9.812735489642593
3.0,5.404070945076807
17.0,8.355630759077084
4.0,5.7586539038190185
18.0,5.911404497870264
14.0,10.932794776753948
15.0,7.974273649156749
9.0,5.34617991406905
7.0,7.837883475749086
16.0,8.510477399885982
11.0,9.338011872811968
25.0,7.823706057290909
6.0,8.962650243155627
5.0,8.254297033421876
13.0,5.689267721279319
20.0,10.384828308472724
3.0,5.41196017199968
20.0,7.784071440684752
15.0,7.6650413071111085
25.0,9.702382654672311
15.0,9.54016530745836
9.0,5.099181378081211
22.0,7.489605494817844
24.0,6.559671070442273
26.0,7.724644257894449
8.0,7.946134854772596
12.0,3.614258053046646
13.0,8.34601783560273
14.0,3.7391166222892087
18.0,8.17925930642635
3.0,8.24237222334147
19.0,9.135522787577157
6.0,4.938683544919298
22.0,7.580121969133062
18.0,4.651912964795658
10.0,10.750105992594225
26.0,8.126461235958478
1.0,5.664039861505458
2.0,4.986116528122617
21.0,6.7081099280009004
8.0,9.82231154752051
23.0,7.7992266755814095
24.0,6.646752664565753
23.0,8.16676095000211
5.0,8.8649060665693
12.0,4.604898295297589
14.0,8.519234156522398
13.0,4.001326412811556
25.0,9.443362480425815
2.0,11.35624877462994
2.0,8.726781256577276
25.0,5.978803169731
17.0,8.14865856182075
10.0,8.682207686099481
16.0,9.082381175827203
25.0,8.433374412411789
23.0,10.279842613245595
16.0,6.946866043910912
4.0,7.683178741418507
4.0,7.3672368194812226
9.0,5.424760013067811
1.0,8.47190619888059
20.0,8.105823041221106
15.0,8.638648714394918
14.0,7.342449545817193
12.0,6.9002032095206065
21.0,6.834289254800787
4.0,4.338436216873742
9.0,9.106032796163932
16.0,6.50515370090283
13.0,5.700267170013609
13.0,7.218149720551046
1.0,3.492898057572812
16.0,9.048723874834565
18.0,8.85513908223164
22.0,9.545982675424892
12.0,4.514790413164117
14.0,5.657244923529979
8.0,6.642299510729841
22.0,7.468634383588499
12.0,4.169257335494013
10.0,7.7531880857089845
21.0,9.09710176020622
24.0,5.960659126106845
16.0,9.04132188172687
12.0,10.6438807737119
8.0,4.768184242156202
15.0,5.13069970681451
10.0,7.0883606408943285
25.0,7.723015099167322
15.0,8.154434703682904
13.0,9.43949713466504
11.0,9.850205317397652
15.0,6.244605984620701
17.0,7.165755356789798
18.0,9.488534676173241
26.0,6.831611152865379
20.0,10.194119454270092
8.0,6.882739528128279
10.0,3.9351565065586067
9.0,8.310277851519597
5.0,8.929127415672118
9.0,8.769762686680105
14.0,7.191146489156515
3.0,7.995092636251551
16.0,6.387554400144847
4.0,6.92536676677393
22.0,10.62186665809931
14.0,8.106343622578938
24.0,5.960659126106845
11.0,8.819181556460002
11.0,6.471026857458863
15.0,8.657654615198982
13.0,13.541416377173055
3.0,9.72992925005676
1.0,6.603031934239701
12.0,5.191783922760741
10.0,5.0873837229524606
4.0,7.356695494677044
3.0,5.629597447375168
19.0,9.542941861052721
3.0,4.474404646474397
5.0,6.360962400329587
25.0,8.58086932810875
14.0,8.733127612134403
12.0,9.286180483995686
10.0,4.206502912860458
2.0,8.278413729841931
21.0,6.3580701512662525
25.0,10.828637480245865
14.0,5.207497488909477
23.0,7.802354320410736
13.0,5.894342319051885
23.0,9.384711080955777
8.0,7.0460199704213
15.0,4.996639451896806
23.0,11.353113487543222
12.0,2.6458397750784783
1.0,5.551564041851765
23.0,7.763059737288907
3.0,6.92410756685929
13.0,11.144024749462012
16.0,7.976945884824491
16.0,9.120054439194806
1.0,5.783197162124777
10.0,8.835290539056873
25.0,6.479462668464328
12.0,3.3647096180676335
21.0,5.814339133511172
10.0,6.147066259551145
22.0,8.454914727256984
6.0,7.751726224186103
9.0,2.9774393818742366
14.0,9.345664865882796
2.0,10.223800339960682
15.0,8.091908431181551
4.0,7.868438266329748
15.0,9.329388974996462
15.0,8.265481421105568
2.0,6.748535146191534
10.0,5.3030647983095385
5.0,7.792579022444797
5.0,7.563695515337831
2.0,5.263213841477927
16.0,5.666859077146071
11.0,6.518942694613054
5.0,8.134382930353627
24.0,6.935566857394475
8.0,4.97460730291505
26.0,8.701455312532442
7.0,10.860798044104413
8.0,5.163522939152939
18.0,9.660820068746624
11.0,9.83196364966524
4.0,7.207298216883808
20.0,6.2633336600372544
16.0,9.205049098304736
18.0,7.638682525141212
24.0,6.528362919496398
24.0,6.536437192277319
23.0,10.54535061415576
9.0,5.890481886622851
6.0,9.378219340430128
14.0,7.792211414092077
4.0,4.7719130457022985
15.0,7.617230845822491
16.0,6.002360147134324
9.0,6.4691164615900085
2.0,6.58633392848388
8.0,5.766678555093916
10.0,6.918439508332751
13.0,5.998661552491859
18.0,6.824363776410977
15.0,3.6255502226550558
6.0,4.759558324666695
11.0,7.816926285426033
22.0,6.204955043359596
7.0,4.599134597116764
2.0,9.322710326544563
26.0,5.638647192287008
18.0,4.7642685585052655
16.0,8.434012549937496
10.0,6.084004487540167
9.0,4.613746289194264
10.0,6.0837465038599365
11.0,8.331780994683058
21.0,6.762267649831848
10.0,6.539611346683679
22.0,8.80020346104572
24.0,8.43890998307733
11.0,7.5672180839158445
15.0,9.996895429894213
14.0,9.722794243140408
26.0,6.204627624581392
17.0,8.444087403996281
26.0,9.38678509765439
10.0,5.985189778983178
8.0,8.057672173506294
2.0,10.415620352655546
16.0,9.120976677685704
13.0,3.4020367372884315
16.0,10.841269970799763
2.0,7.549745360814157
2.0,8.558970405439913
17.0,11.289759479593966
21.0,9.214872240535978
21.0,5.332663408949654
26.0,4.451039473077371
8.0,4.935204469578165
20.0,6.668557786281807
9.0,8.767990641259807
21.0,6.204907534265024
7.0,4.770830865325404
2.0,8.37551984038502
10.0,8.446872205562018
9.0,9.713884027164235
23.0,8.261840703449447
13.0,4.805217884986961
9.0,5.378435099829831
18.0,4.453660009685933
21.0,9.240242333338475
2.0,8.259653195129802
17.0,6.852495961691752
10.0,8.590742143531616
3.0,9.311538888916921
2.0,7.894537287350274
3.0,9.9757855314249
6.0,7.3439165317816535
1.0,5.217487824242302
23.0,6.998638086999124
21.0,8.399794475292639
16.0,5.017481866059374
23.0,9.329798435608001
21.0,8.595455428131089
15.0,8.830521119162679
24.0,7.515778506667749
14.0,10.177001670694324
26.0,8.395615261225709
8.0,5.97633574703317
3.0,6.304057453114876
2.0,4.987416540550415
18.0,8.996638833184397
17.0,7.779907858513053
11.0,10.217193515763345
22.0,8.575275719971573
8.0,7.512356009264378
4.0,6.207997651602113
9.0,5.158154908637623
14.0,5.524354909174007
5.0,5.275142650732999
18.0,8.942815063509707
7.0,5.145017859143666
24.0,6.780647584547725
13.0,3.4020367372884315
3.0,5.63569601427076
11.0,7.3727190766148
20.0,10.74361926087692
11.0,7.39029124350859
22.0,7.941237127010863
21.0,9.477449952480553
15.0,5.22682319847228
11.0,9.860717553746237
22.0,8.169768533295285
26.0,7.831510082852897
17.0,6.723759189419575
14.0,7.674389001995649
18.0,9.742514687005453
23.0,8.797709017642656
22.0,8.159674506201432
16.0,8.473454761962815
18.0,7.2337005831557555
10.0,4.334973859843128
19.0,8.426883624541984
16.0,7.165943627491456
3.0,9.495994414568791
12.0,5.127705355296708
2.0,8.205935895541138
4.0,7.520866158485741
10.0,4.990780557489419
18.0,10.698974202080569
25.0,9.081554866539378
12.0,3.010452392922514
18.0,8.289325420980003
23.0,11.402819587750455
25.0,5.931408478906002
3.0,5.445324831689672
21.0,7.395535855892561
12.0,2.7029882232101485
17.0,4.300210332086416
11.0,7.067792246395136
16.0,8.268980003680237
24.0,6.194250629287714
24.0,6.026477464360384
7.0,9.979902070770095
12.0,3.116458892869682
5.0,7.094791134687517
19.0,7.830668637511581
19.0,10.352442380533347
9.0,4.830111677524698
18.0,10.521233494536064
12.0,5.7442173699622465
23.0,11.049437400102512
14.0,6.5154984241932405
13.0,7.305651442206239
8.0,5.978987711690319
15.0,7.940949708274715
17.0,8.61671886988108
24.0,6.2113830704345645
25.0,7.627585017720859
20.0,7.952024694785938
17.0,7.640120991274024
26.0,6.772668907450443
11.0,6.68158452972217
2.0,7.017242466162969
10.0,5.4674123443054405
25.0,10.235471755035851
26.0,6.370607287737667
15.0,5.5670641908500365
26.0,8.039049176549822
10.0,4.174989632867986
5.0,6.787898805638545
15.0,7.4585796286587875
25.0,9.64525773684031
26.0,9.0270495492796
26.0,5.844865749304525
14.0,6.402583029176915
25.0,8.90125527224961
5.0,7.700806391844147
7.0,5.757211805106083
2.0,9.852498459059943
12.0,1.7460400452394262
23.0,9.323351709358603
13.0,5.72565439294424
4.0,9.30962559549161
19.0,7.586751937058012
19.0,11.179780986128293
16.0,7.564603705860417
19.0,8.802054260936014
1.0,3.9504983834988048
7.0,9.114440507344595
10.0,8.007709425547644
10.0,3.528119140277125
2.0,10.933198577999145
7.0,7.791405976370605
14.0,5.749825226983864
8.0,7.2947505251320655
18.0,6.314969809808015
22.0,8.546623017459417
14.0,9.509565359871772
26.0,8.129716315008425
24.0,5.402875418044472
16.0,6.49206350911162
18.0,6.721244810952738
8.0,5.654519427953158
20.0,9.609401291424618
26.0,5.983289001370749
11.0,6.431402952583735
24.0,9.14801725951939
8.0,10.732789303436805
20.0,9.110161467442824
26.0,10.203984893271357
23.0,8.114014301798754
17.0,7.080449142915736
22.0,8.983669194441005
18.0,9.701414418489186
24.0,7.929957862530021
7.0,7.155793158150292
24.0,7.445220817511784
14.0,5.674317582676384
23.0,10.023300826428205
18.0,4.050892432546243
8.0,5.883285990795651
3.0,8.923804513948449
5.0,5.365201456374271
23.0,8.796025117829402
1.0,6.793308952185968
10.0,5.45771294575696
24.0,6.6658479950438805
10.0,4.221783484837097
17.0,8.805133792004114
25.0,9.704960884296156
17.0,6.853144033497227
23.0,8.6963891978438
18.0,5.934629843405639
19.0,9.956451396886054
10.0,6.524488574011543
18.0,4.59286444136394
8.0,10.676941193014875
5.0,7.182687718161765
23.0,9.380412106635358
25.0,7.345868991147882
17.0,8.060382515657434
19.0,8.278008908508784
5.0,8.630398330880459
18.0,6.862561867915632
22.0,8.973742468816612
12.0,7.789752364914132
23.0,10.257216356744859
5.0,7.943091906106844
20.0,8.905556171236892
6.0,8.427208598878186
20.0,10.518745953043116
10.0,3.6672007818839676
1.0,3.3022621323844
21.0,6.217345317799725
4.0,9.20628333294584
18.0,9.619143979119288
6.0,8.89256674380433
9.0,4.105919139463343
7.0,7.743264868097951
14.0,4.359018033593962
17.0,10.815987353891405
11.0,6.44562279896194
3.0,5.98837561250728
4.0,3.04207475308477
19.0,9.92067491423638
21.0,6.934909093458168
2.0,8.524168019798882
14.0,6.50278671673298
2.0,8.019688981025709
20.0,7.1525668896882415
23.0,5.551792829394893
25.0,7.595074078187864
6.0,9.520989594702662
10.0,6.565304226357733
9.0,3.8728153440732798
5.0,8.089812447044826
19.0,8.052657651918047
2.0,8.815170234228564
16.0,5.654262856201426
2.0,5.977805152917562
6.0,7.588983327182829
7.0,7.090391478621409
16.0,5.726611896804629
26.0,7.471186302507373
13.0,8.069487828429683
6.0,9.163589140585136
19.0,8.736324365235406
25.0,7.538097423565068
13.0,8.111637547122546
24.0,7.2618154157521895
22.0,10.817700813118941
7.0,8.950211563497685
24.0,7.658149597571444
19.0,6.913874817772156
13.0,8.616655997958928
26.0,6.3082578551394555
6.0,6.472815264428369
20.0,5.241474525760872
3.0,10.825660077793357
13.0,7.80735568067673
17.0,8.844814037365925
20.0,6.903027956574446
2.0,7.989249885540183
4.0,6.743217524648073
21.0,7.995936329991755
7.0,4.582393464137504
22.0,10.711953446625568
13.0,9.117786138787475
20.0,10.24042156089514
9.0,4.179411403435226
17.0,9.45057362967354
23.0,5.498529314215634
11.0,5.556436101801118
18.0,5.842067255428329
5.0,5.14418492979964
26.0,9.270955468115995
17.0,7.085994093670122
8.0,6.165204413581531
26.0,5.897916318385988
12.0,5.222623138098735
3.0,6.575233329509318
21.0,7.600942248293731
26.0,8.154417356159934
18.0,6.082662043788103
9.0,8.277705142672072
12.0,1.6058056509979606
21.0,8.933397689459403
14.0,6.290264468995954
4.0,7.6539640345450275
4.0,5.433874036963792
2.0,9.953437156301344
1.0,5.408765023206966
23.0,9.831761225174585
10.0,5.9822612817628755
16.0,7.2856582986939635
14.0,7.237269492200495
12.0,4.812382705456919
3.0,5.875254994525113
6.0,5.444726411895457
7.0,4.362126317065718
14.0,11.108749175467754
17.0,8.266104120189912
4.0,9.004927551748455
7.0,8.848394701765333
6.0,5.039971412046889
8.0,7.955126939851157
19.0,7.674657109173121
8.0,8.006835222867696
24.0,8.343323854345694
16.0,7.2250273814598165
4.0,4.714873777566375
6.0,8.790664045209622
6.0,7.429083828676804
8.0,8.937655812632995
19.0,6.329082248665337
11.0,8.785017216297087
15.0,8.709060125879352
26.0,6.636638167469835
1.0,4.408891735513759
10.0,9.181574162135535
16.0,7.325284987177701
13.0,8.329276721578157
16.0,7.046468369030344
8.0,5.856074504366092
21.0,6.376027846308842
18.0,8.08093288571182
24.0,7.23415729118246
22.0,7.700489851711162
19.0,7.721127308401892
4.0,4.984931286344527
24.0,8.696262840481428
9.0,4.262942444535909
20.0,8.21738258942988
17.0,10.093910874652849
12.0,3.561679717830909
16.0,9.066021690519891
15.0,4.318806767382524
23.0,9.279255443162057
21.0,10.45478606902238
12.0,5.534282528459541
17.0,5.24137522329432
26.0,7.574732472211548
19.0,5.377757875141339
1.0,4.307138916636848
2.0,7.60520350861279
5.0,11.786346943827736
10.0,5.6740343853381345
23.0,8.587592400608486
18.0,6.20386194138139
17.0,9.515322466222516
4.0,8.175288637317887
20.0,7.874621427838086
7.0,8.282823745388601
8.0,5.843517389796002
13.0,8.519183245261242
19.0,7.7774746798718235
4.0,7.206666843048739
8.0,8.361427475744472
22.0,8.781539132805666
21.0,7.585207821315219
20.0,6.953005155289988
23.0,11.176813208668932
16.0,7.283985805633203
15.0,6.099931295481225
9.0,4.003127321607764
6.0,4.65014952060833
9.0,5.099181378081211
11.0,6.886514816395889
7.0,4.574205653915633
12.0,8.110914842165
21.0,4.778444158076159
11.0,8.013575740944
22.0,7.399444715172657
3.0,8.290698913600172
24.0,3.9604411106369226
8.0,7.660060294829792
5.0,6.955974428859966
25.0,7.260401224907824
5.0,8.558761276499395
10.0,5.905562884113423
13.0,7.317631106131436
19.0,7.441138846306149
26.0,11.45002178639698
25.0,6.212742770629357
7.0,5.321948002335416
20.0,6.659682652217897
1.0,6.374621260465233
1.0,3.7582069440534718
20.0,6.705358883645932
9.0,7.272709828260261
15.0,6.584129580810843
22.0,9.194268993284354
26.0,5.890172751564942
10.0,7.605948404941434
3.0,9.915857120246855
6.0,5.886005747048826
25.0,8.097001732198246
25.0,10.232784658832962
1.0,6.81504976387318
6.0,7.306329318926439
1.0,8.314883884171222
14.0,7.905268780978107
18.0,6.814106231380794
14.0,7.259500835190006
12.0,5.246450027676313
23.0,8.882288870330553
16.0,6.653457941824807
4.0,6.663466017491702
19.0,9.303693677786674
15.0,7.366117354221323
1.0,6.327655271715169
25.0,10.601647020720376
22.0,8.226714198860185
24.0,8.860774901406982
2.0,8.99147595625675
5.0,8.308053321948305
12.0,7.158037810716774
21.0,6.085726233073126
16.0,9.178271123099101
6.0,7.253877641593741
23.0,9.122068055231694
4.0,8.724478287364104
15.0,8.231338945689282
6.0,8.403290191237925
25.0,7.928532285245307
8.0,5.830077861833783
15.0,6.30102058587091
25.0,6.87742888817662
25.0,9.959586342163501
23.0,9.594381279885456
15.0,7.253654248467979
14.0,5.4546350422557515
12.0,2.849979874386296
18.0,8.216900946161825
6.0,5.2977722382644705
21.0,6.589448795307676
24.0,5.402875418044472
25.0,5.603798213198708
5.0,6.976251472253598
6.0,8.277938171304907
19.0,6.432619688852025
4.0,8.338836606592318
19.0,7.926565835574251
12.0,-0.013159552800662944
19.0,8.131880822353757
9.0,3.988941205083647
7.0,5.358588972829048
18.0,8.555016120518035
24.0,6.078782085170653
14.0,8.269287316791718
1.0,2.7308376806515993
1.0,7.258066361126537
2.0,10.631086508154317
17.0,7.64813137810658
9.0,4.42855077393271
18.0,11.289956554928278
4.0,8.478320704632516
19.0,7.979775477117654
25.0,7.5085519038159685
2.0,7.858141431339537
10.0,6.0672441095622265
20.0,6.170361317793028
14.0,5.913683188390211
18.0,10.52601368241967
18.0,6.2005082851889295
21.0,7.166085170146218
20.0,10.063459310784378
4.0,5.994441346528617
24.0,4.528614579161294
16.0,6.626190682114885
18.0,6.82798921859388
19.0,5.247553199131282
16.0,6.509943566034076
23.0,8.796801729186392
19.0,8.392433508104093
3.0,6.887579791065929
26.0,7.297073707353606
5.0,8.438375744180512
2.0,5.457842159011694
25.0,9.783761272828265
17.0,7.583695274486811
10.0,4.711179616041411
23.0,7.796656633111168
21.0,6.751226403948304
6.0,7.63362130436693
8.0,6.18133805170883
7.0,6.793627910949732
12.0,2.476229420737801
26.0,7.562300648987609
6.0,8.331687533861812
21.0,7.379442871221508
1.0,2.3097849341743713
15.0,9.104178016390204
11.0,8.260379666035472
8.0,4.816154009863875
1.0,7.386618018630225
10.0,8.438733135056824
6.0,6.530612018244328
17.0,9.016580084004223
4.0,7.842211273285345
12.0,3.083054200231901
15.0,7.503049568526342
22.0,5.378267358312847
24.0,5.960659126106845
6.0,11.114056663950787
1.0,4.81059293403591
25.0,5.6839986142815295
17.0,6.869621140952586
5.0,8.347905018160974
5.0,5.840130653672198
22.0,10.8780897068045
1.0,7.191513748441467
17.0,7.235927785130894
18.0,8.076335061611557
16.0,8.268097303995797
15.0,7.701776783842428
11.0,10.52151218927967
8.0,8.506035482005396
12.0,3.067831645580931
21.0,8.327574375201435
1.0,2.9680506318412005
24.0,6.194250629287714
3.0,8.02570699065543
12.0,1.9293215034078397
21.0,8.007089138003886
3.0,8.30336298363886
9.0,5.2932178072657905
10.0,4.399996115303473
18.0,7.97362687626261
11.0,8.961955824941246
13.0,6.9023013363478025
4.0,4.7452056191318315
24.0,8.971538777982463
22.0,10.131218562396977
24.0,8.122796251292794
8.0,5.214282315193186
8.0,5.285260221786738
24.0,8.728627445725303
15.0,5.0766808256211355
18.0,7.549122566148602
18.0,7.6169199446694735
5.0,4.974096272363145
13.0,8.366523543997548
23.0,7.67951996709146
19.0,9.322347468754097
22.0,6.240801258176387
14.0,5.905002122409199
8.0,9.538568328303054
13.0,6.204572538166387
23.0,7.1851996122159605
12.0,3.859963066912562
6.0,7.014008237193014
7.0,7.444341754737273
7.0,8.553459231008903
6.0,10.060779787171167
20.0,8.142135001001217
23.0,12.270936277224408
8.0,7.160369954975334
6.0,6.009599289439601
10.0,6.780169302724899
15.0,7.128578325659353
25.0,7.199929187346186
15.0,5.1974503566702355
23.0,7.69980594616612
22.0,7.346215476612873
17.0,8.315249026722272
5.0,5.7229846174806625
23.0,9.421379953922326
17.0,4.98518019788789
8.0,5.170366931524114
13.0,3.829317397323084
4.0,5.945868423975277
19.0,7.157479069451157
12.0,1.4240628306200485
23.0,9.097447289398895
11.0,9.560793392593716
1.0,4.773570830966332
7.0,8.629115536006346
16.0,8.957801604179277
14.0,7.002151307492098
25.0,8.792508158272195
13.0,4.325406030285986
4.0,7.497911291507844
25.0,7.452003028135268
25.0,8.159872158948957
20.0,9.714838567193892
5.0,8.54421571897678
24.0,10.837586655370028
24.0,8.872171155023704
17.0,6.629768632084092
22.0,8.366925612382438
5.0,8.805452338116114
20.0,8.69156785253106
23.0,10.021298184601479
9.0,9.491902233610968
2.0,8.322551679730797
2.0,6.1251060614637165
18.0,6.719721197053213
11.0,7.615713197361787
2.0,4.380159912392881
23.0,9.08888196521692
26.0,7.79129904494676
21.0,7.823164846746084
4.0,7.554500982606657
3.0,7.791428486692038
14.0,9.481749163901974
26.0,6.123753632199952
14.0,7.057219498196044
22.0,6.3066224433984805
25.0,8.368738518351213
4.0,6.342668302089625
18.0,7.1785524558963765
4.0,8.21702345162417
9.0,8.249796190074473
12.0,8.473017794899748
7.0,7.250814007033808
17.0,8.012172266227962
8.0,7.614833299320584
17.0,9.668023276980701
23.0,12.493035420407494
23.0,7.677602828919325
5.0,6.850869176191682
25.0,9.791013405234189
20.0,8.5970576374319
7.0,9.139022689592124
23.0,9.499606427066201
4.0,4.715462769044462
3.0,9.19030267099061
24.0,7.728879008584378
26.0,10.104270038779038
18.0,6.129330348645961
13.0,7.531704966623893
22.0,9.577419234820226
9.0,9.549874567328041
2.0,7.182314129287523
9.0,4.453194071601314
9.0,5.275034467104774
19.0,7.778752758244281
11.0,2.974444775738161
26.0,8.779458646805637
10.0,3.202674673590459
7.0,7.508522784554032
23.0,8.257829925747648
18.0,7.443789206550044
13.0,7.147957197089908
19.0,7.555936328303833
17.0,6.470090412723822
9.0,6.764469062639551
7.0,7.66098747813942
25.0,8.808647370326705
24.0,5.86446553531619
10.0,4.190637489638997
4.0,8.952344708127697
16.0,6.991707619845873
19.0,7.884306929907133
5.0,9.681844294855964
10.0,6.155621822595568
21.0,7.45002258397709
16.0,4.319732950453435
4.0,9.013504033613001
18.0,5.5433089373789475
6.0,8.8240076945591
5.0,4.9841008624609096
7.0,3.8971174529395802
1.0,4.308648561052044
4.0,6.266220612738721
11.0,7.671100863309356
22.0,9.19720706254749
23.0,9.145689299569332
16.0,8.623563147727817
7.0,6.989474129591892
22.0,7.138684772942298
1.0,2.767382019384282
17.0,7.64655630323399
13.0,7.640379306894618
16.0,5.3856002120235456
4.0,4.639374949336285
4.0,7.362346340149929
21.0,6.271211988472033
13.0,8.807687802324345
22.0,10.846541973062516
22.0,7.423344692943505
11.0,7.042888584917347
14.0,9.628669165445825
8.0,3.7615015986602733
9.0,2.6870409151891197
20.0,6.144720792224025
2.0,6.046273690847792
9.0,5.854678109571594
5.0,8.392829561516372
22.0,6.875997757444957
3.0,8.103572259510974
20.0,8.588789162386414
5.0,5.064034450767542
20.0,8.590816188122247
7.0,7.410428618828189
3.0,7.1125589323976985
16.0,9.671008767914818
21.0,7.315946732384919
21.0,6.476111149129077
24.0,7.233918774759894
11.0,6.319882516810277
8.0,4.970310780707491
2.0,8.498357183275264
19.0,9.479029744671482
2.0,4.768984381256335
11.0,6.762397280218043
22.0,7.861919147936206
20.0,7.23454005905236
23.0,9.004545748612863
20.0,8.1313632117859
14.0,8.045438175920495
13.0,6.2726979495106425
14.0,10.656125725905671
21.0,9.30675749018294
11.0,7.390131124026084
2.0,6.668630980214482
18.0,4.261363283564354
7.0,4.112416957985211
22.0,7.543106239053295
18.0,4.457384820342378
6.0,6.04982442807618
21.0,10.430645889515798
18.0,6.593206010547439
14.0,4.696331557802018
9.0,4.3162656332806435
5.0,6.488795308274712
1.0,3.136111496682874
26.0,7.531868539593809
26.0,9.369903676641199
6.0,5.42084808932761
17.0,8.307816652204156
25.0,4.825399342231557
23.0,9.490202248724314
1.0,6.902799080787973
15.0,7.9545813643279395
17.0,7.086578510709123
3.0,6.195959473840538
20.0,5.760618827486091
4.0,5.13031093002993
19.0,7.278088666431636
6.0,7.294479464039292
16.0,6.346212660202338
19.0,4.613650033888132
17.0,9.650053206577908
14.0,6.0943768906192775
10.0,6.075002823529733
2.0,5.0816485207143804
26.0,9.401465040491484
16.0,6.0095644449455685
5.0,4.725125799435186
13.0,10.248846453339782
9.0,3.9813037164142044
8.0,9.154762695320471
18.0,4.581058070774165
18.0,7.982905923271382
23.0,9.936618961388989
13.0,8.665205579096918
11.0,11.978420053912988
3.0,10.791414511672837
9.0,4.554508809668116
21.0,9.379414493057672
4.0,6.951833968772501
23.0,8.679262019346046
16.0,8.152750221280568
7.0,6.694864296877782
2.0,8.772932347824263
21.0,9.365165034864734
1.0,4.902544112535014
2.0,9.597818259050086
21.0,9.053515215460315
21.0,5.482091029418395
23.0,9.76544336143836
21.0,8.565493388340812
18.0,7.738079494531043
25.0,11.605053941234399
19.0,3.8093900821215985
6.0,5.959873630591887
2.0,7.6252569370772125
2.0,7.776274262780365
13.0,9.231980613393597
12.0,5.817102224965572
19.0,7.7362055997060315
11.0,7.32871822281925
12.0,9.907284601857128
26.0,8.314671326421427
22.0,8.704286445734107
22.0,5.3993756800311274
1.0,6.797513719793904
8.0,7.952523579921857
13.0,5.783339334854523
23.0,8.481752452409541
15.0,6.893537308205559
25.0,4.89886905903261
15.0,9.199514504825437
11.0,5.453536528854478
7.0,8.639294355674494
11.0,7.053978669017611
14.0,6.62553385525079
14.0,6.985984451672147
1.0,6.608692767305312
15.0,3.939711360124576
13.0,8.70082331998277
20.0,4.534466749867502
25.0,10.80418725183595
9.0,3.988941205083647
14.0,5.290616327391877
17.0,4.514992725818786
18.0,7.791919014726717
20.0,8.074065961498889
15.0,7.309049679293793
19.0,4.001487347364803
14.0,3.7543165018351816
15.0,6.955236941829192
22.0,7.60451203419982
17.0,8.286017135590328
11.0,8.679230411987948
14.0,9.752956706837246
7.0,5.105494404857206
25.0,10.971775393388706
18.0,6.816247956703708
12.0,1.9293215034078397
21.0,9.956729290274685
7.0,7.579697990193382
20.0,8.366723322492435
19.0,7.931186932761179
18.0,3.780583218042553
5.0,5.292145086495319
22.0,7.559763584078014
13.0,9.173446871409956
24.0,7.79706604121706
3.0,6.493888342455372
22.0,9.682517906075129
12.0,4.196064380967117
9.0,6.7648631488077795
19.0,8.61712139027857
19.0,7.383708555596063
14.0,6.65096638196983
19.0,9.481447398193765
21.0,7.391027784068443
1.0,7.301092812930421
5.0,8.286889981747477
15.0,7.3779005134835725
24.0,6.265583004554876
2.0,10.39310479677785
9.0,5.576300798590798
14.0,9.684295817481962
20.0,10.930025083408887
1.0,4.988086499706554
12.0,1.3439721779112093
20.0,6.994004094664745
1.0,5.275995879259723
24.0,8.22325048701839
10.0,4.617278924196189
12.0,4.635058185718766
6.0,6.896848436287166
6.0,7.52593327372168
18.0,10.176270837608753
16.0,6.5954194080457516
17.0,10.843137510100384
17.0,9.608565566862806
4.0,7.722772442157348
19.0,8.670949297229528
25.0,11.998506030420758
13.0,7.673161616034879
4.0,8.365569102508907
25.0,11.60967858987269
22.0,11.767258596730734
26.0,4.836395894032769
26.0,8.373316759737953
15.0,3.722753959331472
1.0,8.998844612000825
1.0,5.782377617564277
5.0,8.291184771998031
10.0,5.4977077011305555
18.0,7.537754681006412
21.0,9.129098097007583
2.0,8.7474101155257
21.0,7.208757337541362
20.0,7.178267504267074
14.0,5.207142073977407
16.0,5.116582880418708
22.0,5.647933803195715
19.0,5.215053533850792
23.0,4.851818950624213
19.0,7.375455679393917
25.0,7.102135796853237
5.0,7.764732668635475
22.0,8.91003285433893
12.0,5.056798637785276
6.0,6.887660480541698
21.0,7.393139290680403
19.0,10.578134601953984
18.0,8.523620442208829
7.0,10.236016875806271
4.0,6.583594738939022
16.0,5.208230219291366
11.0,7.79441113078294
17.0,4.908432035680285
11.0,7.139121420673187
20.0,7.92673727514293
4.0,5.858198046214615
17.0,9.08331574186082
12.0,10.054053193286435
23.0,10.479540812890708
17.0,12.630109792748407
6.0,9.649130351804619
20.0,7.691480984043015
15.0,7.576589848082203
21.0,7.133364949404449
17.0,8.297665596219812
13.0,7.150480665277443
21.0,5.848296227358204
22.0,10.18336061191929
3.0,6.045786888182826
16.0,7.3127320972949414
18.0,8.695329522944094
12.0,3.271371452585957
19.0,9.957297142125164
18.0,4.6991722461048955
15.0,5.012123848483589
24.0,7.067254052311836
2.0,4.9388113588861575
21.0,6.417286896620459
2.0,10.220241311240361
8.0,7.622753749592627
7.0,5.169569362839524
11.0,7.241134135052505
7.0,10.472642154673151
25.0,7.756100070058696
17.0,9.759800574397913
22.0,8.422917351226818
12.0,6.138739759273159
14.0,6.624218573808272
17.0,8.657877998677902
19.0,6.78234340669111
5.0,4.4704702268204475
3.0,8.599010729538861
18.0,5.321435494706524
24.0,7.781288100101285
3.0,4.910852887602452
15.0,8.37012750354947
25.0,12.16104266070811
26.0,7.46428542583853
15.0,7.238692073834773
20.0,7.033669405116967
20.0,7.0222513479680035
17.0,8.16559884463389
5.0,8.991205189993321
1.0,4.546403888969621
13.0,10.216784748253366
5.0,7.98511104835373
24.0,8.19740013862589
19.0,8.689315884457207
16.0,7.298016573332201
17.0,6.46273834875772
17.0,8.640220800786853
9.0,2.8938283216087273
14.0,3.907380357856093
23.0,5.995745509688801
15.0,4.874755474063209
7.0,9.158581317678044
4.0,9.471022022355989
9.0,5.148235371246617
21.0,6.121944643268945
10.0,4.325193638504665
13.0,10.13341423374095
19.0,8.514145346429629
24.0,8.433461734948628
17.0,6.773784537971189
6.0,4.940243898253408
26.0,5.882331503651388
26.0,6.371616667750652
6.0,6.636227697073389
1.0,2.767382019384282
19.0,5.572143582505564
1.0,5.6195700946229845
22.0,9.998132604363775
8.0,6.7237516723637265
23.0,9.242807708340386
16.0,8.52888516854063
4.0,8.86019255641881
14.0,11.163744197023991
5.0,7.343275468977178
8.0,5.742884764392872
16.0,6.293331409165747
13.0,9.726039506756532
16.0,5.134078354706217
11.0,10.751511420104414
9.0,3.8773463311063185
19.0,4.613650033888132
5.0,5.351143228199499
12.0,3.136296829397833
13.0,9.877990012960762
12.0,2.8237509288042073
22.0,9.135759187943597
18.0,7.363546642162072
22.0,5.3993756800311274
6.0,7.966115633022349
16.0,8.536040862137453
12.0,1.9737212617214617
25.0,7.826563451146054
7.0,6.372294976340426
3.0,8.755230997079089
3.0,7.770004157478525
14.0,8.850105594645186
7.0,6.997998275506511
3.0,6.8236434296519395
15.0,8.145384269877283
6.0,6.400068226509968
1.0,7.45991363638174
13.0,9.316585701880415
18.0,7.347841029697169
13.0,10.26527630839779
7.0,5.336171142762547
7.0,5.789781311272059
19.0,9.157573004410592
1.0,7.998698191926292
24.0,8.069883370524899
16.0,7.766482893325766
19.0,8.53761526110923
10.0,6.3366486025466084
4.0,8.274926525030446
13.0,6.607733364294952
2.0,10.903196593620061
14.0,6.180480495295966
21.0,6.57348589411542
12.0,4.0798369734077
8.0,5.74618909377569
3.0,8.357992643649965
7.0,6.609836700127287
18.0,9.549435128046492
10.0,9.000608471743709
10.0,6.097651224052498
10.0,9.779159018238346
17.0,8.147141638246183
24.0,8.259088165653228
23.0,9.271408065596209
26.0,7.239206421913346
25.0,8.064547132712987
12.0,2.7934832423411935
6.0,5.279414618178993
26.0,8.58752993234736
23.0,10.554425495560817
19.0,5.706424566491959
4.0,7.739544328362866
13.0,8.721026248625893
5.0,10.72160369098479
12.0,7.909551238821802
18.0,8.214866700421144
10.0,5.000413790057873
9.0,6.939355368313636
21.0,8.321209005935009
20.0,9.733416046712765
2.0,9.091181975486549
23.0,10.685818931950651
6.0,7.313763974482252
4.0,6.711397833182837
23.0,10.72035250352285
8.0,9.250811185483133
9.0,4.075894486746726
13.0,11.135633418879548
17.0,6.6698490213953585
11.0,11.499793590257731
3.0,7.260532619361999
16.0,9.335626046534491
14.0,10.100496703708597
7.0,7.069486773046742
13.0,9.830147637864693
13.0,7.202426540463747
7.0,10.016999048547184
20.0,9.919114212769994
7.0,8.999239856087849
18.0,8.071614596642876
24.0,6.477095811463723
9.0,4.262942444535909
1.0,5.795177310809386
20.0,6.764936885803025
18.0,6.160268115812166
13.0,8.450462690645065
21.0,6.474050339846889
22.0,6.787379608311488
13.0,6.943110514134692
18.0,6.827183431808645
4.0,6.229057647206096
10.0,4.542496469084917
15.0,5.77970753755311
18.0,9.288905753593781
12.0,8.161194750215046
19.0,7.577486070069145
13.0,6.277821949868888
13.0,8.90279239325354
17.0,6.661750856431979
25.0,5.262472545452036
23.0,10.257216356744859
6.0,11.024576664904322
7.0,5.639528121154886
20.0,9.2486845096663
10.0,8.287123143309366
13.0,8.944462415165262
11.0,10.069661645638728
25.0,9.795842692505255
11.0,9.381997664866644
24.0,10.41158423305939
13.0,10.061164160407067
20.0,8.306159709029606
13.0,8.164817623699038
24.0,6.933749669322382
11.0,8.417554049349562
7.0,5.602797181910117
1.0,7.459430648067286
1.0,2.587808219879828
4.0,7.581764253257315
23.0,9.595743169895504
23.0,6.538139762655487
6.0,6.5926624410209245
4.0,8.212617981899912
5.0,6.814182594654082
18.0,7.111734208648927
13.0,7.563678115724891
6.0,9.574270180536189
18.0,6.0182553294713275
6.0,9.789705747473622
18.0,7.3487367264442245
21.0,7.432505383404135
26.0,7.931138617213097
15.0,8.0065642086874
3.0,7.61227729334312
16.0,4.23638719263465
23.0,10.222348146051738
1.0,2.36660579021458
15.0,9.381267237626332
25.0,7.224000915203143
20.0,6.310453891062048
7.0,9.577654834798834
2.0,7.033559718793572
9.0,8.694134284703894
6.0,4.210138308375843
24.0,8.917366157738632
8.0,6.022945643236141
25.0,11.103290632154614
15.0,7.6530175573714745
1.0,2.5404127919631767
16.0,4.110744595705805
10.0,8.286177772499084
26.0,4.828488184708387
12.0,7.52435032405192
5.0,8.972228908554527
21.0,6.128955157198858
26.0,7.689813305975349
26.0,4.08202461341226
17.0,7.655340941882665
4.0,8.249056472526956
6.0,9.377203031144766
17.0,7.271884743856988
23.0,10.26792001727581
5.0,8.211241663562348
16.0,6.280161321408481
12.0,10.874025046583585
13.0,8.4457297760469
19.0,5.600835632828601
20.0,7.008216766761176
9.0,5.099181378081211
16.0,4.739112447446783
18.0,8.7745121324183
21.0,5.779991575729827
16.0,5.824711430340794
5.0,4.3342569048856445
12.0,6.928865837222358
6.0,4.995523366098807
6.0,9.688083183026091
14.0,9.811483992054228
6.0,7.523953646719691
19.0,8.36984828170465
4.0,6.9091302603839475
17.0,9.831552904283441
10.0,5.7583286225556645
15.0,5.659337040877002
5.0,8.527049157310696
13.0,4.556966448415675
20.0,7.629721046962954
7.0,8.348134237329976
24.0,7.708855531401112
9.0,8.836577026566179
13.0,7.6142480879702905
2.0,9.697117614664627
19.0,7.7658173610846495
2.0,10.222489374998306
14.0,7.4453750011562025
2.0,8.03080856756526
15.0,5.713606507204916
11.0,5.591034800329488
13.0,3.7682217008939194
15.0,4.694773695331342
12.0,8.91035535752246
10.0,5.729404813383394
3.0,7.03527114967132
10.0,7.684188515709631
17.0,6.5216584343921316
15.0,7.280335912807482
23.0,8.31741337411337
12.0,2.355415512500157
15.0,8.545156190577659
20.0,9.799435590229656
9.0,4.947289659005772
17.0,5.967978974404649
19.0,7.957816257124965
20.0,6.271476984704013
17.0,8.069612713632193
8.0,10.036805752191114
25.0,7.158082948902763
