,Predicted
0,-1.6149335024283662e+40
1,-5.9114399609256e+39
2,4.96481894486105e+38
3,2.2234278764506232e+39
4,5.925362098180699e+39
5,-3.600024899119428e+39
6,4.730547959436612e+39
7,3.5354524418748985e+39
8,1.943286222328003e+41
9,-1.3196882599667603e+39
10,-2.1708928119147166e+39
11,3.7536422042549324e+39
12,-2.40762591003721e+38
13,-2.9964138280820105e+39
14,4.570251473250406e+39
15,3.158669529432777e+39
16,-3.6220088760144403e+39
17,-2.1248750948382543e+39
18,8.400417449213397e+38
19,-3.7895547167534233e+39
20,7.038258446061078e+40
21,-1.678673505308733e+39
22,1.8885849530017906e+41
23,1.881376652667209e+41
24,3.4091598256634094e+39
25,8.771201291972258e+38
26,7.697020457786367e+40
27,2.967131463085818e+39
28,-4.753472537469737e+39
29,-2.090987848182266e+39
30,1.469252723114935e+39
31,8.001349964015964e+40
32,9.766263930049112e+39
33,1.0040930586742926e+41
34,7.336659119971961e+39
35,3.1526939900716544e+38
36,1.4893942632625095e+39
37,2.6357012757067573e+41
38,1.8628643416662488e+41
39,7.552206332004501e+40
40,2.986809616588229e+40
41,-8.270666035325563e+38
42,1.8141784601172218e+39
43,1.0972495448963101e+41
44,-3.8095747994891347e+37
45,-1.1217594294720486e+39
46,1.97824932441732e+39
47,-2.518552302879317e+39
48,1.385888557169874e+39
49,3.7974184962372383e+39
50,-1.3745386604928672e+39
51,-6.336700633211603e+39
52,4.843717001143081e+39
53,3.600509147210557e+39
54,1.2684629925185786e+40
55,2.328986933154949e+39
56,1.967299308411669e+39
57,5.715169567514821e+39
58,1.0913208100219223e+39
59,7.318999982538167e+40
60,-1.9796168808082425e+39
61,5.1321268836524856e+39
62,9.15957085876168e+39
63,-1.3808731776890086e+39
64,4.237420178735848e+40
65,2.1632045610173016e+41
66,-6.529533624987317e+38
67,1.4603915084590566e+41
68,1.3564734316450742e+39
69,4.65243082380548e+39
70,-4.4602500757742594e+38
71,1.8050866392741854e+40
72,-8.246957084261066e+37
73,2.4123873107452464e+39
74,1.0939535786006375e+39
75,2.5464547055665372e+39
76,1.705806542036072e+38
77,-3.436711317169701e+39
78,4.323615031398402e+39
79,-3.1276444068773774e+39
80,6.230118264569693e+39
81,7.042514540041486e+38
82,1.3219223221006285e+40
83,-9.788857003007913e+39
84,1.2219197863846409e+39
85,1.772248482226554e+41
86,-1.1872447349763328e+38
87,4.971255028253992e+39
88,5.780753197691103e+38
89,-4.4892304373311246e+39
90,9.594225929725886e+38
91,-2.6190235662327292e+39
92,-1.3299119091709344e+39
93,1.4112849491882418e+41
94,-3.3055678454662444e+39
95,-3.523998591951915e+39
96,5.476194011179546e+40
97,9.863569194245347e+38
98,1.0577014820078678e+41
99,4.480686165154689e+39
100,-1.2744056812656658e+39
101,1.3279174401202685e+41
102,-2.089751666226676e+39
103,3.808614886365907e+40
104,1.7891811724392318e+39
105,5.798806650421265e+40
106,-3.081248534876328e+39
107,2.564986409513326e+39
108,-5.028639116650843e+38
109,1.8509551895795848e+41
110,-3.476442877741258e+39
111,-4.610631965829732e+39
112,7.340104888417555e+40
113,2.390021481364319e+39
114,-8.099904753656543e+37
115,2.9407932757889736e+39
116,-1.1070798903327417e+39
117,-1.604988134310282e+39
118,3.12432793859535e+39
119,1.7487010584317273e+39
120,4.44960616799138e+39
121,3.124169743444383e+38
122,-4.529949313949269e+39
123,1.0458151479914417e+40
124,-4.718578185491025e+39
125,1.6009821735071863e+39
126,6.27194861849854e+39
127,2.238599424564652e+39
128,7.941870051428103e+39
129,4.355869383340053e+39
130,1.07252062575983e+41
131,5.494994211645778e+39
132,5.29232915276722e+40
133,1.7578875373409044e+40
134,-3.986046128936753e+39
135,2.0802126045264884e+41
136,3.6885083850204323e+40
137,-9.376197758954707e+38
138,-2.1011139063607476e+39
139,-6.878190775682216e+38
140,-1.2238089938254691e+39
141,9.99473730072633e+38
142,1.52804419360165e+40
143,4.9251236260534964e+39
144,2.384278346900476e+39
145,-6.238582461149207e+39
146,-2.0540874597476286e+39
147,-4.374167201783134e+39
148,5.273728443346547e+40
149,1.5489054535978564e+38
150,1.834033483815028e+41
151,2.3612821589642674e+40
152,2.0226748679827012e+40
153,6.423284568122767e+38
154,7.181491695354651e+40
155,1.57923449170977e+41
156,1.115043608899701e+40
157,-3.03188559147952e+39
158,-1.218709411714716e+40
159,-5.122803510480093e+39
160,6.992378830679147e+36
161,3.8575002183493145e+39
162,6.08757850104714e+40
163,-4.465342634208866e+39
164,-1.0575142738200703e+39
165,1.1154297385204683e+41
166,-3.829477184168675e+39
167,9.805001143146671e+39
168,8.168757102837124e+39
169,7.16191439736903e+40
170,1.1480264193625148e+39
171,-1.96552342461911e+38
172,3.3446293407086715e+39
173,-5.610862750330649e+39
174,1.9786045031043213e+40
175,7.119788262720534e+40
176,7.89358937744945e+39
177,8.20353999135615e+38
178,-7.856721711725777e+37
179,5.714275368657402e+39
180,-5.873873059071483e+39
181,1.8028066929715152e+39
182,3.0375919952529704e+40
183,1.309534390657371e+39
184,2.0970375033290314e+39
185,-1.5131475228868874e+39
186,4.567820895781374e+40
187,2.102886943417179e+41
188,2.4472250019077633e+39
189,-4.262765107070025e+39
190,1.0472208218773226e+40
191,-4.1060151518571134e+39
192,2.3273065936710265e+39
193,-1.111024534317504e+40
194,1.1665294102750126e+41
195,5.656317583542758e+39
196,1.9372646188945094e+39
197,4.10344047717954e+39
198,3.6064541422319495e+39
199,1.0202139549079874e+39
200,6.589427886612983e+40
201,1.1520300028143328e+40
202,2.996864117155854e+39
203,2.886768818752552e+39
204,4.488672793298636e+40
205,1.967602171615251e+40
206,5.803988854796439e+39
207,3.8260455903831833e+39
208,1.5532462249072055e+39
209,-6.564442124374798e+39
210,5.575702150250488e+39
211,1.7990934992544137e+39
212,-1.0624916019755269e+39
213,8.940398781533712e+40
214,3.069933720676272e+40
215,6.227915627403406e+40
216,-8.312272805453186e+38
217,-7.435547363212155e+38
218,8.062874495847356e+38
219,5.156538513878422e+39
220,4.654522699825948e+36
221,8.990035488790907e+38
222,1.6921157999401315e+41
223,8.366172598331733e+40
224,1.699693871509201e+39
225,1.4472836321288774e+40
226,3.12858620409803e+38
227,-5.485731502108068e+39
228,1.0101467670760021e+39
229,-3.93990703912048e+39
230,7.307117201579674e+39
231,2.6787901921672348e+39
232,1.7448486098105726e+40
233,1.8026128763692525e+41
234,3.2415123313958354e+38
235,4.3803998295225634e+39
236,3.000374425826129e+39
237,7.858778078315354e+37
238,2.520760797148608e+39
239,-7.025483110914492e+38
240,9.482368118559457e+40
241,3.176233561074179e+39
242,1.451660554165169e+39
243,6.702374060696067e+39
244,8.3330979069262545e+40
245,1.527984882714565e+38
246,9.739679488395417e+38
247,1.8413594132883877e+41
248,9.514697358285942e+38
249,-3.0932394424395056e+39
250,1.3196733939573527e+39
251,6.985658892963095e+39
252,1.9772568499642012e+41
253,3.301165083406017e+39
254,-1.0038918658458741e+39
255,-2.6568607858013994e+38
256,5.291836512251247e+39
257,2.6789695139738547e+39
258,7.071846417409315e+40
259,-5.555679531886092e+39
260,1.101818357946253e+41
261,3.371172289615658e+40
262,-6.43438699312783e+39
263,9.873553486388302e+39
264,1.9907077653887288e+40
265,-7.048197575235421e+37
266,-4.0914959309649505e+39
267,-5.66133970369243e+39
268,2.8458661628266467e+38
269,9.711429357808158e+39
270,-5.506952444293149e+39
271,-3.182458262242037e+39
272,2.2102944441383425e+39
273,-3.1496970921140525e+39
274,3.00656943241344e+40
275,4.978227856493388e+40
276,8.548473728572013e+40
277,-9.033908499199619e+39
278,3.8409075820390527e+39
279,6.093583444732859e+40
280,3.3289457712454567e+39
281,1.079033608663438e+40
282,3.9711615997899933e+39
283,2.6745001298828162e+39
284,2.0837942354139704e+39
285,2.2377449461807467e+39
286,-3.156090898340575e+39
287,8.917547963357946e+40
288,-3.3462187526455666e+39
289,-4.393368376655508e+39
290,8.763289074639584e+39
291,2.743598725755011e+39
292,2.3647805722134828e+39
293,2.1029953331386382e+41
294,1.767922317177291e+40
295,-7.268832670314539e+38
296,7.9458302207171e+40
297,6.383384638902987e+38
298,3.482984696864236e+39
299,-9.698802189812498e+39
300,-6.6168781869839126e+38
301,1.5675707148343535e+39
302,2.7526423339634085e+39
303,3.462481341967314e+39
304,4.271165629629998e+39
305,-8.411034079807066e+38
306,4.3146117747650805e+40
307,2.6540472521952536e+41
308,5.189769990421673e+39
309,8.840296486739818e+40
310,3.4806356787042104e+40
311,-1.8551190761681245e+39
312,2.0445123610660934e+39
313,1.308956159543095e+39
314,3.7450684255892467e+39
315,4.1394065108378745e+39
316,5.788214276979279e+39
317,1.9550117362061482e+40
318,4.7263587817333523e+39
319,5.160550568783946e+39
320,6.223924627074949e+40
321,2.598727660364866e+41
322,2.3017888504629635e+40
323,-2.8475434933338956e+39
324,-5.8220171012467e+39
325,4.299374506600944e+38
326,3.143035901564973e+39
327,7.134104552517054e+37
328,1.220137575161317e+41
329,-2.653271290406685e+39
330,8.879512400851308e+39
331,3.1030783991566666e+38
332,4.15921080354266e+39
333,2.9485308988598258e+38
334,1.34189357740353e+40
335,-9.602461366375503e+39
336,7.155601150499301e+40
337,-4.5844652682772306e+39
338,5.35852407512192e+39
339,3.2831105038339156e+41
340,-1.2257151339256554e+40
341,-5.56161660277731e+39
342,3.109505010436799e+39
343,4.395286336687182e+39
344,-5.371279851874775e+39
345,6.471999484998995e+39
346,-4.023271633653753e+39
347,2.0430615335060083e+39
348,-3.8002571915662267e+39
349,2.793679197809243e+40
350,5.693132290946813e+40
351,1.5221263829302638e+39
352,3.590585985320254e+39
353,-1.5192226625394018e+39
354,2.957854542523055e+39
355,-6.0103922566127635e+38
356,3.464327279157845e+40
357,3.2578693363076504e+39
358,4.86123260441361e+37
359,4.411343258775694e+39
360,5.547799974965467e+40
361,4.9123759151069563e+39
362,-2.6712191799291227e+39
363,2.5346990043315184e+41
364,3.271036010777253e+39
365,1.153891176993126e+39
366,3.20223561069586e+39
367,-8.400024480104901e+37
368,-2.4931659227893294e+39
369,-1.2773203040664818e+39
370,1.1930083397056185e+39
371,-4.479651155339396e+38
372,1.824171939846423e+40
373,6.146588519664693e+39
374,1.2138879241105973e+41
375,2.361698079519562e+41
376,-3.3451739168048274e+39
377,-1.5395585044666273e+39
378,6.858274583857423e+39
379,-7.917155920224873e+38
380,8.930552919727443e+39
381,-3.2788261558901267e+39
382,-1.0963835860089205e+39
383,4.486255400174066e+39
384,6.176572895007201e+39
385,4.2253877886251865e+40
386,2.2810198618891576e+39
387,4.645813083857842e+38
388,-2.8032548242206703e+39
389,-3.9479081233713654e+38
390,-3.165339444451432e+39
391,-1.9852909048514972e+39
392,5.0855145242817003e+39
393,2.0718802479473405e+37
394,-4.243718470501519e+39
395,2.042895022070138e+41
396,2.327297867424755e+40
397,5.3692103839543933e+39
398,2.2082373104285182e+39
399,4.1099286758043547e+39
